Id,Predicted
1,0.33021979312929745
2,-2.7076422450534863
3,-5219.188165917433
4,-0.2914398074701888
5,-9.970184293219301
6,-1.5095354639668872
7,0.6984941888765672
8,8.39130126635122
9,2915.6677539989328
10,-4.116764231912229
11,-1.089598560764194
12,-21.72658237587115
13,-1644.1686411437354
14,-1.4640745369713823
15,-7233.373891620619
16,-1.5488185136372634
17,-345.4413072292837
18,2.098324589239273
19,-2785.53086045913
20,-9183.076259102474
21,-5183.977449730816
22,-7615.7365028888335
23,1.0375548849057359
24,-0.5460795470848028
25,2.098324589239273
26,-4.6378060017242415
27,1.0375548849057359
28,-0.16711011974074094
29,-2566.9309569349784
30,-0.48638328396139896
31,-25516.952691890394
32,-2.926172009260755
33,-0.014867941562175885
34,1.2867509530972812
35,-0.16709172601157607
36,-0.014867941562175885
37,-0.014867941562175885
38,-126.75632136547586
39,-14.923670270478631
40,-1996.0849250372464
41,0.9080634134596461
42,-7565.958378300483
43,-0.2914398074701888
44,-1804.047978989095
45,-3.8344300576559394
46,-6601.018419308671
47,1.1073242896197923
48,-7498.4119686396425
49,-5.088985517533644
50,-6292.612393290968
51,-0.9792069078530294
52,0.5045090234016275
53,-6.006795198718876
54,-0.014867941562175885
55,2.505546544162389
56,-9190.114481508474
57,119.0859002923634
58,1.2609423792852803
59,-1.121033741434868
60,2.1479800378145795
61,-9445.567842898245
62,-126.75632136547586
63,-0.4484263537811811
64,-2097.2716348429253
65,1510.6144372623796
66,-0.12962929356866637
67,-0.49530054156618586
68,2.19500737602994
69,-0.22376912029428409
70,-29894.641685167204
71,-7602.79259254037
72,1.1073242896197923
73,0.44855852125147566
74,-0.5840379535400078
75,-0.16711011974074094
76,-3.012755933707138
77,89.90669765157416
78,591.9260506048024
79,0.9418589972356496
80,-0.0014962539995340637
81,-4.015833858543143
82,1.048648295895619
83,-1.117323818919447
84,-24.200171054628807
85,-1.4812523819303753
86,-23657.782080917732
87,1.0718397264993742
88,-5.088985517533644
89,-9.55178686669754
90,-0.3703290646472623
91,1330.7740679214155
92,-25686.477091494307
93,-1.4033257463215874
94,-5120.114378434626
95,-3.521538874032225
96,-3.3603182524560906
97,-1158.367502530766
98,0.9655143085211616
99,0.44855852125147566
100,-0.5888124674334079
101,-2.551740458689748
102,-547.255999263809
103,1.1073242896197923
104,2.098324589239273
105,-9.731647973210297
106,-3.827765472610742
107,-10781.95511491663
108,-1.4277416520569375
109,-0.22376912029428409
110,-1586.72471760387
111,-6.933614522522382
112,-1.4277416520569375
113,-1.791100097896682
114,-2.466116509559458
115,-0.3132396787599103
116,3.9629445735965216
117,-3.582765799397929
118,0.48589825859496383
119,-4931.752901550707
120,-4.610538705374465
121,-4828.669730871534
122,-22454.69433652227
123,-18.455828664870165
124,-9940.1214216659
125,-0.4265148611873636
126,1.0416774874903518
127,-1143.1028480878795
128,-8836.837372134487
129,-2784.5421596266588
130,1.3361800785375015
131,-12453.069329248756
132,2231.171535102179
133,-2503.6723802852466
134,1449.6034933704068
135,-928.4093167772015
136,-8217.931392551813
137,0.025496720402759368
138,3.265921441036438
139,-8274.560978359628
140,-21.65319144210761
141,-6.959941197389367
142,-1388.40164376964
143,-0.16711011974074094
144,-1723.8947303186387
145,172.90860197249054
146,-1.077373502337326
147,-7217.994444276613
148,-1500.4972223838888
149,-5.088985517533644
150,-21379.010596404838
151,4843.908337064812
152,-4.610538705374465
153,-0.014867941562175885
154,-1131.7107704746368
155,-0.023506829994552194
156,1.0375548849057359
157,-14683.437003704716
158,924.6527107732558
159,-0.2914398074701888
160,-100.40199907589665
161,-2609.296981753233
162,-7916.65206931635
163,-1.8096171007818103
164,-4.610538705374465
165,-11558.775554496138
166,-0.3358048279110126
167,1.3980118413607803
168,-4.178326496213501
169,1.9076176575662955
170,5.018422706015668
171,-2.9116233146155523
172,-0.014867941562175885
173,-4756.780058086128
174,-0.3703290646472623
175,-2.460312687052029
176,-1.070975396601347
177,-5.975235278781388
178,-5324.430677094875
179,-0.9627943128467252
180,-2084.9986361085193
181,6.271276324116766
182,-5.088985517533644
183,-0.8108175223087799
184,0.5819694495055164
185,-4.610538705374465
186,-267.64880808239724
187,-6.883376630252105
188,1.3299028394221766
189,3.0389558959228133
190,-0.07094526716563819
191,-6514.211491924686
192,0.018889197305178802
193,-1999.3888577781775
194,-10.526892512950452
195,-763.9265900850335
196,-4972.237382068588
197,-1.1742129123354983
198,-0.4265148611873636
199,-3616.9427718983775
200,-2033.6641174047297
201,-1.4277416520569375
202,2.098324589239273
203,-34867.26933042779
204,1.8014393239168807
205,-9897.933024593287
206,-2.318103344821491
207,1.083890560781367
208,4.000536169332466
209,-0.5588212536229641
210,1.0965864563728431
211,-0.3703290646472623
212,-2.9134370743386233
213,-26755.379396440792
214,-7577.782473932621
215,0.6544979344725723
216,-0.3132396787599103
217,4.000536169332466
218,-0.9039718521033122
219,0.42874554737558673
220,1.9876594138301755
221,2.054128172717946
222,-13931.379815121427
223,-29029.759058064643
224,-2.9478008633468487
225,-1.17982576961734
226,-4.065925506677089
227,-15.079100466293081
228,1256.2303431129512
229,-0.21578371921803047
230,82.9647989171768
231,-18.455828664870165
232,-4267.462019736539
233,-1.5396589623359256
234,0.44855852125147566
235,-4126.159714989523
236,-9779.60538517144
237,-5.088985517533644
238,-4429.103683193972
239,-3.827765472610742
240,-0.014867941562175885
241,-0.3703290646472623
242,-3387.9549162119106
243,-16854.008435481308
244,-1189.7467001148957
245,-0.3524121121534527
246,-0.8843831644175254
247,-2.9478008633468487
248,5.688207467029177
249,2.307239079728757
250,-588.0102659535447
251,-487.1648021884746
252,112.9799949510036
253,-4785.4744014472535
254,-2199.720984672366
255,3.8352164358842855
256,-7703.129079682283
257,-4.610538705374465
258,-2.6153795615620195
259,-1.5095354639668872
260,-2.581526378927326
261,-3979.638692952549
262,-1.7788705887418632
263,-1.1085412340321346
264,-0.45449390193963846
265,-10022.566100443171
266,-8374.131502942577
267,-9394.51886566562
268,-5.088985517533644
269,2.478811428694899
270,-9342.603553844243
271,-0.9792069078530294
272,-413.90625899770924
273,1075.362080389234
274,-1.9996864724796921
275,-1.1299633076436826
276,-5939.965352593492
277,0.44855852125147566
278,-0.4265148611873636
279,-5.387648045225492
280,2465.0724639206637
281,85.496546019946
282,-7765.607492186103
283,6.20982746866185
284,-5521.19709478667
285,-8755.525492714942
286,-4153.8394463194445
287,-7.177562675049621
288,-1.1887491824118663
289,-0.09425099413388333
290,0.5220574787894048
291,-1.801948464514481
292,-1.0986852585094848
293,-15.853729545823544
294,-5.088985517533644
295,-0.25013050776175355
296,38.69586215291015
297,1.0965864563728431
298,-24.200171054628807
299,-0.4265148611873636
300,-3.3603182524560906
301,0.5819694495055164
302,-0.023506829994552194
303,-3.476900332772771
304,-13418.327162420008
305,-1.4812523819303753
306,-9.970184293219301
307,-6952.143442012828
308,-0.023506829994552194
309,3.5019575069126065
310,2.3431364769200123
311,1.0416774874903518
312,1.5260971063291615
313,-7235.779538871616
314,1.083890560781367
315,-0.2914398074701888
316,-3.4089503433405532
317,-1.9419384513196565
318,-1.7788705887418632
319,1.9594553561830328
320,0.17003251676606065
321,-0.5541466893740179
322,-1.2183875122565444
323,-0.5012893442209018
324,-2054.417832210146
325,415.27479780323193
326,0.025496720402759368
327,0.5819694495055164
328,-1903.519918371125
329,-2.687597063942706
330,-18350.337685966802
331,-10115.337856756822
332,-11.29457589694204
333,-1.3372908141480093
334,-6.088693537715611
335,-0.6529942907531036
336,-7713.897118673739
337,-0.4265148611873636
338,-3.449425146127606
339,-10612.495222978896
340,0.06934696548806699
341,-4344.478353028647
342,-627.2711555077482
343,808.6392943496444
344,1.0875454523449888
345,2.074259099882708
346,-5668.519225285935
347,-4.016585008783322
348,-4.610538705374465
349,-5207.270538468435
350,1.0063086569111541
351,4.214396422680978
352,0.6151460369499597
353,1.474523261013366
354,-0.09425099413388333
355,-610.3970993524792
356,-3003.2467303670305
357,-0.5541466893740179
358,-3.394373591553006
359,-1.9996864724796921
360,-1.4498869559937608
361,-1667.3834297387796
362,-10.228603666428594
363,1.3071067651103017
364,1.9594553561830328
365,-1623.2957168616736
366,-9582.60095067625
367,-0.32343377082842134
368,-6936.318433126389
369,2.211112827490535
370,2.288207385930247
371,-4.610538705374465
372,-1.3372908141480093
373,-4.610538705374465
374,-6593.648354161217
375,0.44855852125147566
376,0.5162230857712163
377,-29.908828443466646
378,-3766.9432314560154
379,-5905.629855416957
380,1.5168850477317448
381,-0.4265148611873636
382,1.2609423792852803
383,-123.59670429481741
384,-4.7548587670505755
385,-2.6205988031758456
386,-7211.832276781938
387,-4648.9913590368305
388,1.0375548849057359
389,0.8897793633563064
390,0.3428243141856671
391,0.5819694495055164
392,-4386.940765575761
393,0.7442640542479307
394,-14898.867907807988
395,-7160.957270177099
396,-1.121033741434868
397,-108.41776008114623
398,-0.45449390193963846
399,-3745.4378624103715
400,-3.394373591553006
401,-0.07008981009366551
402,-1.9139773897504775
403,1.152613865297655
404,-0.45449390193963846
405,12.148744803826498
406,-0.3703290646472623
407,0.2990605560325324
408,-9.731647973210297
409,-1.2635488858072106
410,-0.12962929356866637
411,-2.6153795615620195
412,-0.45449390193963846
413,-5.088985517533644
414,-7341.72418369037
415,-11.607416430527302
416,-4.6378060017242415
417,-4.518152676973837
418,-0.4265148611873636
419,-4.714817228987853
420,-4.610538705374465
421,-2.8819335361091545
422,-3.2274691448275474
423,-570.3256071021101
424,-0.09425099413388333
425,-2.228685185384479
426,3.9629445735965216
427,-5.088985517533644
428,-16.485337205752593
429,-101.09009179127682
430,-1.9139773897504775
431,-1.0177004098570308
432,-0.2914398074701888
433,-5.088985517533644
434,0.40136885827828855
435,-2920.0488313457267
436,-6237.967163336707
437,-0.3132396787599103
438,-5.088985517533644
439,-20186.522313965375
440,-419.295734756034
441,-0.2914398074701888
442,-0.7134612063956297
443,-1.3530047255150164
444,-3.6471454776860788
445,-6494.573179120615
446,-2.247845428724898
447,-1.4812523819303753
448,1.1073242896197923
449,-4.363448651475903
450,-2.6153795615620195
451,-728.5067205629467
452,-0.3618057972786198
453,-1296.897060642293
454,-3.7232459037068577
455,-0.3896144348427905
456,-1966.537319177268
457,-11.29457589694204
458,-34.097586178106106
459,1.083890560781367
460,-3853.9130261449977
461,-0.13389484344852765
462,-1.9996864724796921
463,-4187.2857393148015
464,-14792.16911555123
465,-1.101043640176815
466,-0.7799942889231972
467,-1.4812523819303753
468,-0.4479075520584221
469,-11984.76102340391
470,3.0053775094247333
471,-9.731647973210297
472,-0.26909603566353985
473,-8987.926864101963
474,-0.24249271178287818
475,-455.9976017036265
476,0.44855852125147566
477,-0.09425099413388333
478,-0.3703290646472623
479,-0.3703290646472623
480,-1.5521296174847514
481,-4.015833858543143
482,-11931.321780374401
483,-0.49530054156618586
484,-2.0093473484464184
485,-5723.024985260791
486,-2.326414512116692
487,-0.09425099413388333
488,3.9629445735965216
489,-0.014867941562175885
490,-2.6153795615620195
491,0.37575029638623486
492,0.9973581366680543
493,-6955.740086373288
494,-6178.214511047495
495,-12593.587257247784
496,-1530.6595825600168
497,-4.6378060017242415
498,-0.09425099413388333
499,-0.9579144801029589
500,-0.4165111523925964
501,-10726.441948688154
502,-7406.427836274711
503,-9.74957013169609
504,499.9497675204369
505,-5.387648045225492
506,-11643.447049917237
507,-0.3703290646472623
508,54.37063756256863
509,0.3434262051670821
510,1.6927384232812925
511,-0.5840379535400078
512,-14099.480294965342
513,-0.9848413501235097
514,-1.5488185136372634
515,-0.5429196045830271
516,-5.088985517533644
517,1.2609423792852803
518,-16.485337205752593
519,-2.710179350679151
520,-2.582285069584149
521,1.083890560781367
522,-16.485337205752593
523,-0.014867941562175885
524,-4899.421554686423
525,3.9629445735965216
526,-346.3310040285219
527,-2.997464587240053
528,-2.710179350679151
529,-0.16709172601157607
530,1.2867509530972812
531,0.44855852125147566
532,-2673.6041915224196
533,-0.4265148611873636
534,-9.731647973210297
535,-1.5396589623359256
536,395.93063307029547
537,2.098324589239273
538,-34755.522625741614
539,-3859.3774276734657
540,-9.731647973210297
541,-5330.688298255337
542,-185.31044888954713
543,-1.931458899636939
544,-0.13133308141636643
545,-1.4277416520569375
546,2.3063669056537095
547,-2539.248382236335
548,0.2970340631751065
549,1412.4479860049717
550,-0.5429196045830271
551,1.1388690518945628
552,-1.018918587656089
553,1.083890560781367
554,-0.9459205793475307
555,-1.089989666831608
556,-3575.818617886251
557,1.420615949553702
558,-0.45449390193963846
559,-0.16709172601157607
560,-1.1742129123354983
561,-2.8543606703628885
562,-318.65795931686114
563,1807.5882525211741
564,-5642.468412309936
565,-15434.255621659793
566,-6657.436327093675
567,0.09426129049079776
568,3.0684427801113427
569,-1.1913653856806854
570,1.8014393239168807
571,-5133.045054421031
572,50.65623336827869
573,-12544.079419630205
574,0.44855852125147566
575,4812.694126615642
576,-15.853729545823544
577,-1.8935755906068088
578,-18033.62342790374
579,-1.9996864724796921
580,-0.09425099413388333
581,-1.121033741434868
582,-1893.2590463150266
583,14.738413610294442
584,-8251.682696432283
585,-4292.395786734544
586,-4331.871276603945
587,0.9418589972356496
588,1.6927384232812925
589,-0.3703290646472623
590,-0.5460795470848028
591,-11530.604501450316
592,-23.045414511736716
593,-0.5541466893740179
594,-4237.484931959893
595,-2.6885088141873763
596,-4841.380902177491
597,1452.9900671868318
598,0.5819694495055164
599,361.66380189737424
600,-11188.29330817678
601,0.6397769633928408
602,1.420615949553702
603,-9.731647973210297
604,0.04232973666966583
605,-1.4141221342461585
606,1.0416774874903518
607,-1.7788705887418632
608,0.5819694495055164
609,-0.2914398074701888
610,1.083890560781367
611,-5.417000592036408
612,1.1749591428200348
613,-824.2654605177102
614,1.1073242896197923
615,-5.088985517533644
616,-6151.21262257765
617,-15.079100466293081
618,-7073.945057675497
619,-18470.60840952988
620,-1039.588246842941
621,1.8014393239168807
622,9.445273692170703
623,1.1073242896197923
624,3.873931151650083
625,-5.00715883786868
626,655.6388222808642
627,1268.7266769071314
628,-0.08841051388725663
629,-5744.962761961995
630,-4599.154907438332
631,1.0416774874903518
632,-1.117323818919447
633,0.3434262051670821
634,-0.16709172601157607
635,-11.491696909614598
636,-10022.566100443171
637,-10.962732467718046
638,-7565.05754578834
639,382.6085347344001
640,0.9418589972356496
641,-22429.183341263015
642,-15336.02986044586
643,1.1292898953122794
644,-5.387648045225492
645,-0.3874580925091156
646,-1.602906855169098
647,-1.795176598564911
648,-0.2914398074701888
649,0.3416005856889918
650,-0.07094526716563819
651,-5.417000592036408
652,1.3022783309594153
653,1.4578133469121597
654,-6322.534891372767
655,-13267.946701156157
656,-31663.310916944236
657,-126.75632136547586
658,-0.4479075520584221
659,-6.359018596276476
660,-1.117323818919447
661,0.3434262051670821
662,-2.1205762412723708
663,741.1266256764607
664,-1.4277416520569375
665,-5977.79415133562
666,0.3163622560357724
667,30.518621777298396
668,-2.710179350679151
669,-5395.37393540385
670,-8738.670305233509
671,-11191.734494626175
672,-0.3132396787599103
673,-0.45449390193963846
674,-3640.3604579015673
675,-4.015833858543143
676,0.40136885827828855
677,0.15064483499854045
678,-7228.321619153556
679,4.208702370712777
680,0.3578448486502439
681,4.079788569719066
682,-0.05536659198113757
683,0.24203234153304914
684,-9482.1288982527
685,-7406.427836274711
686,1.0375548849057359
687,0.40136885827828855
688,-6.934398692936401
689,-9.731647973210297
690,2.3431364769200123
691,-2.7270009529413093
692,-281.5389633776529
693,-31672.601381603803
694,-20286.95945347499
695,-15017.417413749483
696,119.42807743522057
697,158.7113050996774
698,-0.6813026425510743
699,-0.4265148611873636
700,0.44855852125147566
701,-15.853729545823544
702,2.3618939718559453
703,-5.387648045225492
704,1.6749948294087529
705,-1.1742129123354983
706,-2678.0083132722384
707,-3265.855392922623
708,-1.987088140656145
709,-4.363448651475903
710,-19395.25276698208
711,-0.49530054156618586
712,-17136.60773747806
713,0.24558782137945404
714,1.575351197660053
715,-7.177562675049621
716,-0.16709172601157607
717,-35.76096764735431
718,-1.1984636854263255
719,-3250.8407880543687
720,1.0375548849057359
721,-34.35644405363196
722,0.3434262051670821
723,0.24558782137945404
724,2.3431364769200123
725,1.2298437253111778
726,-11900.439601295919
727,4.278523140632729
728,0.4299953891715817
729,-2.7270009529413093
730,0.44855852125147566
731,-0.48638328396139896
732,-1.1742129123354983
733,-1.961962665390257
734,-9.731647973210297
735,0.5819694495055164
736,-14599.408015574256
737,-0.5541466893740179
738,1.3980118413607803
739,1.6022519799360204
740,2.098324589239273
741,-5.088985517533644
742,-0.4265148611873636
743,-15437.929931659794
744,-0.4265148611873636
745,-1.255986416947
746,-5.088985517533644
747,-6450.221288275244
748,1.8014393239168807
749,-0.16709172601157607
750,-1.795176598564911
751,-0.16709172601157607
752,-7019.775979798857
753,-1894.506072854005
754,0.08274902074917849
755,-10.962732467718046
756,14.442124495803585
757,800.3999544198531
758,2.1479800378145795
759,0.40136885827828855
760,-0.5012893442209018
761,1.2295559085170396
762,-0.2914398074701888
763,1.2295559085170396
764,-11.620356032890617
765,-5.54016048419888
766,0.5819694495055164
767,2.656202022126105
768,0.5045090234016275
769,-8849.169435156366
770,-0.4849701703743762
771,-1.9906278316211479
772,-11831.34976228494
773,2.904687539569076
774,-1428.1951960467431
775,-8040.6878269902245
776,-4.714817228987853
777,-5048.223258420885
778,0.11933814818518403
779,-4.015833858543143
780,-4.610538705374465
781,-0.5429196045830271
782,-1.4779610432110306
783,0.24558782137945404
784,1.1388690518945628
785,168.74928038271386
786,-0.09425099413388333
787,-10.232657299452454
788,-2.9877854755875233
789,-4.610538705374465
790,-1.4277416520569375
791,-16787.82491597213
792,-341.5758575652763
793,-0.11968266846003457
794,-0.11968266846003457
795,-1.121033741434868
796,-10166.34516424563
797,-7304.410094607017
798,-9.970184293219301
799,0.9030918249048326
800,-2.506272007604735
801,-7362.6872625390615
802,2.5269215546255657
803,-193.27873563456495
804,5.162198364095409
805,-0.3703290646472623
806,-18215.83327511118
807,-0.014867941562175885
808,-2.6153795615620195
809,1.1073242896197923
810,-0.11968266846003457
811,-7095.470938989692
812,-0.3489126513082674
813,-0.014867941562175885
814,-21379.010596404838
815,742.0645695034896
816,-2906.610272085914
817,2.098324589239273
818,-4.610538705374465
819,-19122.11342207537
820,-4.610538705374465
821,14.817103787670955
822,-21379.010596404838
823,-1.117323818919447
824,0.40136885827828855
825,-0.14647076592580888
826,-33974.5840959681
827,-1.117323818919447
828,0.24558782137945404
829,0.5559347158702148
830,1.083890560781367
831,851.3503939156326
832,-5.088985517533644
833,1.4922008064725705
834,0.40136885827828855
835,-4.6378060017242415
836,2.2654586958983214
837,3308.5392384363354
838,-4.015833858543143
839,-13394.194556043198
840,1.0257426843309139
841,-11.29457589694204
842,4.6132870806539374
843,-1.121033741434868
844,1.8810787445694928
845,1.420615949553702
846,-2260.0191951466395
847,-5.088985517533644
848,-33.55562581801175
849,-9.87296718383578
850,-0.3703290646472623
851,-0.09425099413388333
852,-0.014867941562175885
853,2.245049175399427
854,0.3434262051670821
855,-19151.44744207537
856,-2777.0213930823675
857,-713.0458089067381
858,-10335.189813919998
859,-1.7788705887418632
860,-7130.586203427848
861,0.24558782137945404
862,-5.088985517533644
863,1.3980118413607803
864,-0.16711011974074094
865,-1.4779610432110306
866,-7813.580273588281
867,0.3434262051670821
868,9.898658525300142
869,-1.8451055270231547
870,-560.0310624953883
871,0.44855852125147566
872,-3.6406366712316154
873,-0.45449390193963846
874,-2.2466512213098326
875,-0.45449390193963846
876,-1.6950704194951576
877,-0.2914398074701888
878,0.5559347158702148
879,-11.29457589694204
880,-0.4265148611873636
881,-18.455828664870165
882,-6.904566082871678
883,-1011.5296572332414
884,-10076.229096935975
885,-2418.4548850589504
886,1426.795372176234
887,-12447.838306606802
888,-426.2481281028364
889,12.916806204129433
890,-6.249489801989446
891,-0.48638328396139896
892,-7338.614861263658
893,-9.820408865566211
894,-6753.066553130713
895,-1.4277416520569375
896,1.9594553561830328
897,1.9027363392455616
898,-3620.996081024178
899,-4.610538705374465
900,-4284.879852555735
901,-4202.700424884875
902,3.265921441036438
903,-4.015833858543143
904,-3.3603182524560906
905,1.8014393239168807
906,-17.44848833574149
907,0.5045090234016275
908,-2258.8826376466395
909,-4.679450555926871
910,-29.908828443466646
911,-0.5012893442209018
912,-8203.132523666285
913,-0.014867941562175885
914,-6.047631012215271
915,1.0416774874903518
916,-2907.835242639719
917,-1.2517230021905703
918,1.0375548849057359
919,-4.015833858543143
920,-17390.186740512156
921,429.40684716562845
922,40.588686373489416
923,-8358.452546415465
924,-3.9147275006120625
925,0.44855852125147566
926,12.119607969650236
927,1278.490309759581
928,-7278.998358457514
929,-23.47745821558925
930,-3357.222892569524
931,-16882.80609769794
932,-5.088985517533644
933,1.2609423792852803
934,-22740.99094912876
935,-6789.528513768554
936,-3536.8040559993788
937,-6605.945186948507
938,-0.3524121121534527
939,0.3434262051670821
940,-7765.350826636661
941,-2.9134370743386233
942,-10411.131001438473
943,-7319.427942146772
944,0.5819694495055164
945,2.5297892174605145
946,-11.29457589694204
947,-3045.6378106588354
948,-1.117323818919447
949,-15729.881996097824
950,1.083890560781367
951,-3.49311857103704
952,1.5086445309343965
953,-0.5496779289791599
954,-14392.839389409906
955,1.083890560781367
956,0.5318757744458913
957,-7.8595388781874735
958,-0.9764763858912232
959,2.3431364769200123
960,0.5819694495055164
961,0.5559347158702148
962,-9.731647973210297
963,-0.3703290646472623
964,-3.394373591553006
965,-4.015833858543143
966,1.589644307290566
967,526.6659077704819
968,-4.714817228987853
969,-20032.64754263768
970,-1.791100097896682
971,0.5045090234016275
972,1.6927384232812925
973,-5.387648045225492
974,-0.3489126513082674
975,-1160.7871383995425
976,0.5819694495055164
977,-2.0480143295482267
978,2.55782387611966
979,-20464.41793975246
980,-4272.909868555734
981,1.083890560781367
982,-5178.032276538387
983,-1.740220289589572
984,-0.3489126513082674
985,-0.3132396787599103
986,-1.2183875122565444
987,-12632.40454464607
988,-240.24484027355996
989,-0.736538769157831
990,-0.45449390193963846
991,1.0416774874903518
992,-18794.53100377113
993,-4.714817228987853
994,0.48160224934974355
995,-2.9796064585428077
996,-5.088985517533644
997,0.3434262051670821
998,-5.387648045225492
999,-0.3572480651148496
1000,-0.07094526716563819
1001,0.7442640542479307
1002,-5679.886246525868
1003,5152.104501364862
1004,0.2967441682147449
1005,-1.1299633076436826
1006,-7.177562675049621
1007,0.44855852125147566
1008,-2681.5368904168304
1009,2.540882950787473
1010,0.8667604024364659
1011,-0.6519347672661652
1012,-1.40364176038239
1013,-9.970184293219301
1014,-5967.703353979207
1015,-0.08841051388725663
1016,-1.378382063318599
1017,-1.7788705887418632
1018,29.697501606755164
1019,0.44855852125147566
1020,-2.746683427474267
1021,1.420615949553702
1022,-5.088985517533644
1023,0.04232973666966583
1024,-0.09425099413388333
1025,16.813563440486575
1026,-2.710179350679151
1027,-0.2914398074701888
1028,1.8014393239168807
1029,108.98702990086673
1030,-0.4265148611873636
1031,1.5634011191374744
1032,3.2034661709829884
1033,-21922.28296796539
1034,-2.6153795615620195
1035,693.0109101797816
1036,1.3980118413607803
1037,-30.26482552184203
1038,-2.6153795615620195
1039,-13465.695561410595
1040,-0.11968266846003457
1041,-17569.558122365226
1042,2.3431364769200123
1043,-0.0014962539995340637
1044,-15731.325375857588
1045,720.7542603744495
1046,-1.9996864724796921
1047,-7666.428369148328
1048,-0.09425099413388333
1049,1.2194759095099492
1050,-0.5012893442209018
1051,114.35545609002584
1052,-9874.253117275899
1053,2.660846728399865
1054,-2.9478008633468487
1055,1.6508246414795056
1056,0.3434262051670821
1057,-1.7788705887418632
1058,-1381.270433711056
1059,-29.908828443466646
1060,-2.6153795615620195
1061,0.5819694495055164
1062,590.2500957586343
1063,-2796.9428466450277
1064,-1.602906855169098
1065,0.750167451099883
1066,-1.572771565242588
1067,-3134.0213318958954
1068,1.7660952675030819
1069,0.5611417885587775
1070,0.33021979312929745
1071,-0.45449390193963846
1072,2.2654586958983214
1073,-2.9877854755875233
1074,-5445.717889501137
1075,10.331750692297668
1076,-0.09425099413388333
1077,-9722.715387327276
1078,23.739650913332337
1079,9.871979281467482
1080,-681.6366413476269
1081,-3.281162148402374
1082,-0.736538769157831
1083,1.8810787445694928
1084,1.6508246414795056
1085,-5.964563535885075
1086,-11549.063656774057
1087,-1.117323818919447
1088,-0.48638328396139896
1089,0.38286734743217565
1090,-1896.310904526374
1091,-1.117323818919447
1092,642.8363960989956
1093,0.44855852125147566
1094,376.8604491245929
1095,2.656202022126105
1096,-5.088985517533644
1097,-0.16709172601157607
1098,438.7325038247863
1099,-0.9955842745495288
1100,-0.09425099413388333
1101,-20.340714746720874
1102,-4.015833858543143
1103,-15457.374181159792
1104,-26.866003334608397
1105,-4.015833858543143
1106,-11449.701549644435
1107,-4309.223764949712
1108,-1.4456083643074835
1109,0.38286734743217565
1110,-4.015833858543143
1111,0.7746727557412912
1112,-4187.520623455643
1113,-9127.728800783094
1114,-4095.2704770001246
1115,-0.13242180119274935
1116,-0.45449390193963846
1117,-1.9996864724796921
1118,-1.3372908141480093
1119,-1030.4894035704601
1120,-2.1628560500212344
1121,-18133.372151045358
1122,-5.088985517533644
1123,-4.610538705374465
1124,-5178.4152702220235
1125,-2628.979165575343
1126,-0.08841051388725663
1127,-3.293268139830883
1128,-7197.862224747611
1129,-2.9883050669326683
1130,-2.6153795615620195
1131,1.589644307290566
1132,-2.304091447992845
1133,-0.2914398074701888
1134,-5.088985517533644
1135,0.025496720402759368
1136,0.3434262051670821
1137,-0.3489126513082674
1138,-11683.618620639421
1139,-5851.2158755805085
1140,-3652.4469448819978
1141,-0.4265148611873636
1142,-3183.298061890163
1143,-0.3874580925091156
1144,0.5038465294179737
1145,1.2298437253111778
1146,3.47335184409337
1147,-0.3703290646472623
1148,0.24558782137945404
1149,-0.16711011974074094
1150,-0.6813026425510743
1151,-876.2020149390586
1152,0.3434262051670821
1153,-2.3197941840842713
1154,-4.015833858543143
1155,3567.367393513387
1156,-0.2914398074701888
1157,4.6186354014593896
1158,8.235336380249684
1159,-0.4265148611873636
1160,-0.2138427096767482
1161,-10298.752576941031
1162,-3359.9567312836443
1163,-0.4265148611873636
1164,1.0875454523449888
1165,-1.9812147296888978
1166,-2236.3730479300707
1167,0.695856073052603
1168,-0.5012893442209018
1169,-4102.035964425596
1170,1.1007853463871948
1171,-0.5541466893740179
1172,-5472.50018849156
1173,2.5235911930577477
1174,1490.9814720422423
1175,-11.110544357172682
1176,1.2298437253111778
1177,-23560.951721380978
1178,-6464.744704687038
1179,-15457.374181159792
1180,-4154.974444382175
1181,526.6659077704819
1182,0.09426129049079776
1183,-3002.3179766575126
1184,-1.572103738222237
1185,-4769.310171629854
1186,4.000536169332466
1187,1.420615949553702
1188,-14608.175624836458
1189,-1.451576706536419
1190,-0.2914398074701888
1191,-7073.016857675497
1192,-4.015833858543143
1193,8.880253916841022
1194,-0.6310238483143273
1195,-8.440078209593288
1196,-4579.420134508055
1197,11.257437665113523
1198,0.9418589972356496
1199,-3018.9675979230874
1200,-1364.3953377337411
1201,111.45156215028715
1202,-453.5615620881109
1203,0.3578448486502439
1204,-5489.05599696348
1205,-0.2914398074701888
1206,88.31883015736298
1207,-0.3358048279110126
1208,-0.16711011974074094
1209,4.850421176220186
1210,-6.959941197389367
1211,-2784.1155605047097
1212,-5.387648045225492
1213,9.206184720055779
1214,0.5045090234016275
1215,1.6450346506102145
1216,-18459.911164078596
1217,-2122.3033371639112
1218,-751.3837249254608
1219,-0.0014962539995340637
1220,4.6186354014593896
1221,-1.1913653856806854
1222,-454.3789093501985
1223,23.129665286658636
1224,-3487.6358534486644
1225,0.30540720559479606
1226,-11184.54911624101
1227,-11.331910521485453
1228,-16862.72342395864
1229,-958.5383028910126
1230,796.5640132456011
1231,1.0965864563728431
1232,1.1292898953122794
1233,-0.9955842745495288
1234,-3209.723612531766
1235,-23.045414511736716
1236,10.64234774712229
1237,-9.731647973210297
1238,0.17886798727219014
1239,-2.928186519270226
1240,115.5098556143509
1241,1.961003019679593
1242,-1.4685148614314931
1243,-4.015833858543143
1244,-0.16709172601157607
1245,-38.228877993493306
1246,-0.2914398074701888
1247,-1.4277416520569375
1248,-0.4265148611873636
1249,-5.226863585739077
1250,-2750.4043722033794
1251,-14959.42242870188
1252,-1.6383285401896328
1253,3.265921441036438
1254,0.9080634134596461
1255,6.415995731317345
1256,75.19266216028818
1257,5.3366849504517475
1258,-11611.515273242248
1259,-23342.17317004765
1260,-27079.18295678422
1261,-4961.839204441532
1262,3.0230522405587736
1263,-26147.219429171815
1264,-0.15899980267260133
1265,-3.582765799397929
1266,-2442.563683896401
1267,-2.371226462676497
1268,-0.5541466893740179
1269,0.5819694495055164
1270,328.1063852331647
1271,-2.9478008633468487
1272,-44.8609565659265
1273,0.3434262051670821
1274,-17242.703446075742
1275,-1.117323818919447
1276,-267.8035511398409
1277,1.8014393239168807
1278,-1.089598560764194
1279,-7226.561087097991
1280,2.1479800378145795
1281,1.0738040241170248
1282,-14387.496681324063
1283,0.3434262051670821
1284,-1.2631380710113727
1285,5.157163506672313
1286,-1.6876161349326935
1287,-7877.5586119600375
1288,-4.015833858543143
1289,-1.7788705887418632
1290,-0.6813026425510743
1291,-1781.7545103307714
1292,-0.2914398074701888
1293,-2.9134370743386233
1294,0.5819694495055164
1295,-4.015833858543143
1296,-5.088985517533644
1297,-1.117323818919447
1298,-9.970184293219301
1299,-4310.513613485274
1300,-2570.264197654794
1301,-4304.022144426468
1302,1.0416774874903518
1303,2.098324589239273
1304,0.10641780455434453
1305,0.5318757744458913
1306,-0.3703290646472623
1307,4.000536169332466
1308,0.5045090234016275
1309,0.7688969133092877
1310,-4.610538705374465
1311,-1.990877726244836
1312,147.13449953112075
1313,-20916.539194402227
1314,-1.1299633076436826
1315,-3299.0683247976626
1316,-2.95570587950756
1317,-0.7965637273634958
1318,-16926.566364342023
1319,-0.26909603566353985
1320,-2.926172009260755
1321,-22526.601075992436
1322,-0.7160213974139031
1323,-1.255986416947
1324,-5.088985517533644
1325,-0.9913003877415385
1326,-0.45449390193963846
1327,-0.5460795470848028
1328,-2919.994724195854
1329,-1.5396589623359256
1330,-1.5101545911548753
1331,-10.232657299452454
1332,-1.5095354639668872
1333,-0.15899980267260133
1334,0.7442640542479307
1335,-2.6153795615620195
1336,-0.3358048279110126
1337,-5863.605937313869
1338,-1.3372908141480093
1339,1.575351197660053
1340,1.167719328483087
1341,-2.6153795615620195
1342,1.476186691764619
1343,-13596.609406843423
1344,-0.11968266846003457
1345,-12560.009574047654
1346,0.3578448486502439
1347,-4.610538705374465
1348,1.097801161049144
1349,-8153.720761797397
1350,-34.35644405363196
1351,-5.088985517533644
1352,-16369.663413089325
1353,-1.795176598564911
1354,10.402310126471013
1355,-373.53721393812333
1356,-4.6378060017242415
1357,509.070646145465
1358,-14036.318053525745
1359,-1.4277416520569375
1360,-12636.693852061397
1361,-6.359018596276476
1362,-2875.852521240094
1363,0.9071781303527608
1364,-0.9955842745495288
1365,-0.11968266846003457
1366,-12431.145586296881
1367,-3.36999443730721
1368,-4.610538705374465
1369,-4.015833858543143
1370,-2182.84508336753
1371,-3783.7235201201875
1372,-5067.427105386345
1373,5.853602316862622
1374,-2.322072191738195
1375,-0.014867941562175885
1376,-0.3132396787599103
1377,1.9620656707248942
1378,-12391.710578069697
1379,-20.892554711260093
1380,0.9791581348919773
1381,2.1479800378145795
1382,-3300.7617783448063
1383,0.5559347158702148
1384,4.000536169332466
1385,-0.13389484344852765
1386,-2.318103344821491
1387,-2779.3565594615698
1388,-6589.169575430264
1389,-0.2914398074701888
1390,-1.602906855169098
1391,-3050.7513464665276
1392,-0.17896445674084072
1393,-15.853729545823544
1394,4.000536169332466
1395,-9.731647973210297
1396,-7.8595388781874735
1397,-1.2969653388381233
1398,0.07331190096711979
1399,-4.610538705374465
1400,0.9030918249048326
1401,1827.9982407799719
1402,1.420615949553702
1403,-3263.201534956511
1404,-0.45449390193963846
1405,1.083890560781367
1406,219.03343299100754
1407,-4.714817228987853
1408,-0.12962929356866637
1409,0.9331254049603827
1410,-8418.40067398542
1411,-0.28639301365034225
1412,-9.970184293219301
1413,-2290.367425669971
1414,-0.6662039755257158
1415,0.3434262051670821
1416,-1.4140230564902034
1417,-3309.9245701855507
1418,-0.5012893442209018
1419,-2445.5192900442294
1420,1.8014393239168807
1421,0.44855852125147566
1422,-9.731647973210297
1423,3847.323847470403
1424,-1302.3976815487308
1425,2143.3701208526836
1426,0.7442640542479307
1427,-3153.410854501243
1428,0.9924350990328628
1429,1025.665598703211
1430,-4031.921843792225
1431,0.38070557402540595
1432,-1.7788705887418632
1433,-3.521538874032225
1434,-1.9537460095023829
1435,-10861.867313669281
1436,-18466.997471585073
1437,-0.07094526716563819
1438,-3635.289189507215
1439,-4962.207708990887
1440,-9.970184293219301
1441,-9304.572221815863
1442,1.2022337730788253
1443,-9.731647973210297
1444,0.9492190529353627
1445,1.083890560781367
1446,1.9315834604233866
1447,3.8420819883113797
1448,2.1479800378145795
1449,1.3540663985569703
1450,-1.0986852585094848
1451,-1.4812523819303753
1452,-1.9996864724796921
1453,-1212.872198057341
1454,-3211.867719976659
1455,143.31568269483097
1456,-2695.7896024399456
1457,-1.018918587656089
1458,-0.16709172601157607
1459,-3.8344300576559394
1460,-5328.895559717536
1461,8.731196728222637
1462,1.4347254926067843
1463,-1.089989666831608
1464,-4.679450555926871
1465,-14.876353014738422
1466,-4.015833858543143
1467,-2998.2096624783776
1468,-3889.6936150315078
1469,-1130.196683267102
1470,-2.710179350679151
1471,-6981.477233438239
1472,-1.7788705887418632
1473,-5.088985517533644
1474,3.9629445735965216
1475,-0.45449390193963846
1476,-3249.655863280761
1477,-5145.3750545528055
1478,-3.4018572810516976
1479,-5.387648045225492
1480,-3.3524874412714674
1481,-3.8493850207244127
1482,-0.2914398074701888
1483,-1755.311969476222
1484,-4.610538705374465
1485,-9.731647973210297
1486,0.5559347158702148
1487,-8145.737568164293
1488,-0.07008981009366551
1489,-0.16709172601157607
1490,-7719.577846067506
1491,3.322599091804735
1492,-2397.779798470584
1493,-0.3132396787599103
1494,-0.16711011974074094
1495,-607.6514517167512
1496,-14651.670960444468
1497,-775.1453140618097
1498,-0.6813026425510743
1499,-10469.595761692457
1500,198.13204340957216
1501,-6380.090308582231
1502,-4.015833858543143
1503,0.24628099667042455
1504,-117.94221051913566
1505,-0.6398803343920821
1506,-6152.085612577651
1507,-0.014867941562175885
1508,-996.7000713114858
1509,420.2166592664929
1510,396.4436440068063
1511,3.0464405673979766
1512,-2.0801688109447265
1513,-2.6153795615620195
1514,-0.08841051388725663
1515,-1.121033741434868
1516,-2.110618815842964
1517,107.11565551045234
1518,-11.620356032890617
1519,-7.177562675049621
1520,0.44855852125147566
1521,-2624.8189826650696
1522,-2.6153795615620195
1523,-265.7785031420482
1524,0.3434262051670821
1525,-14286.774419920568
1526,-1318.2242100932174
1527,-0.2914398074701888
1528,614.2591616593887
1529,1.3071067651103017
1530,-4.33111019608763
1531,252.49916676939125
1532,1.532086940543204
1533,-0.5541466893740179
1534,0.9071781303527608
1535,0.723026131535231
1536,-3299.268560507439
1537,87.606930882564
1538,-10.64134676788788
1539,-570.3019437372881
1540,-75.36413137174902
1541,-5711.147643883652
1542,-5649.734864740482
1543,-0.5541466893740179
1544,-0.3874580925091156
1545,-29.908828443466646
1546,-28538.347714644042
1547,-5.088985517533644
1548,1.6508246414795056
1549,0.5819694495055164
1550,-4.065925506677089
1551,-8734.838203072748
1552,-5.088985517533644
1553,-2246.6491671865447
1554,-18520.997786526452
1555,-1471.6563852728577
1556,-3.9147275006120625
1557,0.37575029638623486
1558,-30535.767758256912
1559,1.1485604074057185
1560,1.152613865297655
1561,-2.710179350679151
1562,-0.45449390193963846
1563,-1.2735270245971089
1564,4.208702370712777
1565,-0.38834747798429037
1566,-5.417000592036408
1567,-0.2914398074701888
1568,1.2250058608664207
1569,-0.9614877881239587
1570,0.5778545890850024
1571,-3918.773456030477
1572,-13516.612932773813
1573,-4789.768147840754
1574,-2.7270009529413093
1575,-30.10115634623458
1576,0.015212773539912938
1577,1.3071067651103017
1578,-1.3372908141480093
1579,1.6508246414795056
1580,-8373.386802307912
1581,-0.014867941562175885
1582,-5.417000592036408
1583,-0.4265148611873636
1584,-4.610538705374465
1585,-0.16709172601157607
1586,-8072.971583424269
1587,1.180621692947363
1588,-0.014867941562175885
1589,-5.964563535885075
1590,-7723.066038529887
1591,-0.16709172601157607
1592,0.40136885827828855
1593,-12563.73549725095
1594,-21107.51820937421
1595,1.1388690518945628
1596,-9179.303582784287
1597,-4.6378060017242415
1598,-5636.285371399516
1599,-1053.0870153581973
1600,1.083890560781367
1601,19.160504085339763
1602,-4473.175732125652
1603,-0.5541466893740179
1604,0.5559347158702148
1605,-1.1299633076436826
1606,-19.874922433384267
1607,2.3431364769200123
1608,-4.015833858543143
1609,-1.7949346549301124
1610,0.11964638354277551
1611,-12716.969699731178
1612,-11.491696909614598
1613,-5122.20167777819
1614,-3015.1984771884595
1615,3176.4752681253653
1616,-0.45449390193963846
1617,-18.38678677673385
1618,-17810.5707290737
1619,-0.9792069078530294
1620,17.650402117681093
1621,-25986.64278822543
1622,-0.3489126513082674
1623,-708.1282943599465
1624,-28.887615311838864
1625,-1417.518002924394
1626,28.14588625192737
1627,-0.10146315593032516
1628,-1692.0787541286675
1629,-17930.15861682635
1630,-0.22945275179944633
1631,-5.088985517533644
1632,-1.4126473402128257
1633,2.3473963388136987
1634,-0.2914398074701888
1635,-27144.174229422882
1636,0.40136885827828855
1637,0.40136885827828855
1638,-5693.26675916171
1639,-0.48638328396139896
1640,-15299.391738645649
1641,-5651.3282824008065
1642,-5.088985517533644
1643,-0.3512408517340156
1644,1222.7182441950104
1645,-0.4545868055001582
1646,2.5385456382857075
1647,9.437144214343602
1648,0.22328274064951414
1649,-1.9284744856335667
1650,-5.088985517533644
1651,-6635.562840505236
1652,-15734.234419431157
1653,-4356.182216555449
1654,-12687.993069731177
1655,-1.5521296174847514
1656,-1.1299633076436826
1657,-9.970184293219301
1658,-1.791100097896682
1659,0.3434262051670821
1660,-10.526892512950452
1661,-0.4265148611873636
1662,-0.16711011974074094
1663,1.083890560781367
1664,1.4887718134225014
1665,-0.13389484344852765
1666,-11141.138068491593
1667,-15920.92043612457
1668,1.589644307290566
1669,0.07331190096711979
1670,0.8348024483210148
1671,-1591.5201199808355
1672,-6410.8943557945395
1673,-5584.379669362946
1674,-1404.2112408216747
1675,0.9418589972356496
1676,0.09426129049079776
1677,-250.16406495697743
1678,-2.046658154379453
1679,-13792.469802303543
1680,-7.177562675049621
1681,83.36994467345946
1682,-1.9996864724796921
1683,-3.582765799397929
1684,0.3434262051670821
1685,-0.49530054156618586
1686,-0.0014962539995340637
1687,-1.121033741434868
1688,-0.5429196045830271
1689,0.3434262051670821
1690,1.0375548849057359
1691,-4.610538705374465
1692,-3281.023589828906
1693,-0.6813026425510743
1694,-7212.583134873885
1695,-858.7371230129661
1696,0.44855852125147566
1697,1104.4018792078118
1698,-1.4779610432110306
1699,-1.9996864724796921
1700,-2262.190412534398
1701,-0.7160213974139031
1702,-2.5044089414748254
1703,-5437.150071177506
1704,1.1073242896197923
1705,6.280810352285041
1706,-34880.14909104685
1707,-0.05536659198113757
1708,-2176.865606468075
1709,-3.7833843069069326
1710,-3.8344300576559394
1711,-3135.323424251636
1712,1.575351197660053
1713,1.083890560781367
1714,-7.273930432052825
1715,-3891.557535844623
1716,-4.065925506677089
1717,-9219.877516746665
1718,-6346.953522568946
1719,0.09426129049079776
1720,1.6927384232812925
1721,-5437.628751932991
1722,-1.0624341250754532
1723,-1225.4080770206672
1724,-19842.65864286075
1725,-5991.25731218414
1726,-2.046658154379453
1727,0.44855852125147566
1728,0.824079740527421
1729,0.09426129049079776
1730,2.9180873863118997
1731,0.44855852125147566
1732,-751.5378341465174
1733,-4.610538705374465
1734,2.2258957402281254
1735,90.7321361586067
1736,-24835.91204631456
1737,0.38286734743217565
1738,-3.255966642373815
1739,14.128234695155061
1740,1.9620656707248942
1741,-2.6153795615620195
1742,-3496.078439934781
1743,46.06726879479969
1744,586.2660977720213
1745,1.083890560781367
1746,-0.45449390193963846
1747,-5.088985517533644
1748,-1169.7902458913557
1749,-2538.1105264551593
1750,-1047.1016562131888
1751,-1.117323818919447
1752,0.33021979312929745
1753,0.3434262051670821
1754,0.5819694495055164
1755,-0.3703290646472623
1756,-1.1912626913087538
1757,-2774.2111392861416
1758,-0.8792923305235174
1759,-4.065925506677089
1760,3.873931151650083
1761,-1.7788705887418632
1762,0.5559347158702148
1763,1.129272108769247
1764,-5210.807958825814
1765,1.2295559085170396
1766,-1.6781808416047554
1767,0.09426129049079776
1768,-24584.860045811456
1769,-852.8680851743306
1770,-0.3537072211581207
1771,-8854.540081239753
1772,-2.046658154379453
1773,-0.7160213974139031
1774,-1.990877726244836
1775,-0.014867941562175885
1776,-1.3573986616626224
1777,-26786.658799608984
1778,-0.16711011974074094
1779,0.40136885827828855
1780,-0.3512408517340156
1781,-6781.617676947714
1782,-7767.860127451361
1783,-7546.546009835959
1784,-4166.664506763551
1785,-0.08841051388725663
1786,0.18599580415391712
1787,-1.795176598564911
1788,-21681.945387973257
1789,-1.2084603736215587
1790,953.9078396046508
1791,-6735.294069617678
1792,-0.5460795470848028
1793,-14612.780486150557
1794,-4214.552134798843
1795,-1.602906855169098
1796,-19420.952533872314
1797,0.5553066931987988
1798,-5822.314717799321
1799,-0.2914398074701888
1800,-4150.40896680519
1801,0.9080634134596461
1802,-1.9139773897504775
1803,0.5819694495055164
1804,1.0416774874903518
1805,1.3022783309594153
1806,-2550.2453778871827
1807,2.3431364769200123
1808,-1.9143729894254078
1809,-5309.497410025801
1810,-3576.5208845529173
1811,0.3434262051670821
1812,-4.015833858543143
1813,0.44855852125147566
1814,-5.088985517533644
1815,-0.09376375279929904
1816,-0.7131395762543308
1817,-5045.5504143193375
1818,-0.16709172601157607
1819,-0.11968266846003457
1820,135.74435686246343
1821,1.6262709971236133
1822,0.3578448486502439
1823,-3612.137579555235
1824,-0.2914398074701888
1825,-3853.4930919092308
1826,-8995.131839344624
1827,-0.3132396787599103
1828,-6866.600939087526
1829,40.57820234087522
1830,-12984.986970501677
1831,-1.4277416520569375
1832,-1.117323818919447
1833,1756.1863861323982
1834,0.44855852125147566
1835,-240.59266033604825
1836,-0.6557103254660497
1837,-1.101043640176815
1838,0.9379857497375911
1839,-33317.98173306696
1840,-5.387648045225492
1841,-0.4165111523925964
1842,-0.4265148611873636
1843,-7714.594816340418
1844,-3103.1505482428947
1845,-2.9478008633468487
1846,1.9315834604233866
1847,-7186.779549353359
1848,-0.6813026425510743
1849,-2.764157108912429
1850,-11589.31245508431
1851,1.0375548849057359
1852,-11492.954604518127
1853,-4.015833858543143
1854,-0.16709172601157607
1855,-0.5429196045830271
1856,-2005.8735833928108
1857,-108.10119928603774
1858,-13794.529327612532
1859,-0.25013050776175355
1860,1.575351197660053
1861,-0.2914398074701888
1862,-1.9996864724796921
1863,-3013.5039139031514
1864,-4.015833858543143
1865,-11094.454039054634
1866,-1658.2093809713165
1867,0.015212773539912938
1868,-260.42483833761816
1869,-1.3410395514314866
1870,-2.7149236265427197
1871,-5.088985517533644
1872,0.5819694495055164
1873,-545.6248889747949
1874,-4.015833858543143
1875,-10025.637489213794
1876,-0.3489126513082674
1877,-0.5541466893740179
1878,-6082.844604690552
1879,-2454.635384124515
1880,-2.6203229123091742
1881,-1.1742129123354983
1882,-2.371226462676497
1883,-6756.9675819532395
1884,-11.620356032890617
1885,-0.4165111523925964
1886,-3.1823111268182696
1887,-990.9401748151344
1888,-13953.129014173534
1889,-3.7476978882874477
1890,-2547.0959758816575
1891,-30650.486971937913
1892,-251.15826654266712
1893,1.420615949553702
1894,-2084.8908362368097
1895,-0.9764763858912232
1896,-0.2914398074701888
1897,-7695.449491072815
1898,-0.44951559833751514
1899,-16848.26308428174
1900,-4587.534027841387
1901,870.9927934124362
1902,-4.015833858543143
1903,-0.09425099413388333
1904,-7685.918946720266
1905,-2159.9854202438064
1906,0.3434262051670821
1907,3.6049956909078498
1908,-10997.599187914422
1909,63.49901833792859
1910,-1.018918587656089
1911,-5757.9192174333375
1912,-3.1823111268182696
1913,-0.45449390193963846
1914,-9.014893986596327
1915,-2.6153795615620195
1916,-16878.36734395862
1917,-0.2914398074701888
1918,-2570.967669470704
1919,-7334.590437814771
1920,1.8570235494681562
1921,-0.7163813017242533
1922,1.1007853463871948
1923,-2865.381363676826
1924,-5.088985517533644
1925,0.07331190096711979
1926,-2.318103344821491
1927,-4916.069435416819
1928,-126.75632136547586
1929,-6904.247160866132
1930,-3173.4116636105646
1931,-0.3489126513082674
1932,-2268.944062605625
1933,1.0965864563728431
1934,-1.1913653856806854
1935,1626.5797837317602
1936,0.5045090234016275
1937,-5.088985517533644
1938,2.650505982252514
1939,-8551.742056278092
1940,2.1479800378145795
1941,-5641.233998421038
1942,-0.11968266846003457
1943,0.40136885827828855
1944,-0.5062288474980566
1945,-3639.716659507218
1946,-15533.64652030141
1947,1.1073242896197923
1948,-0.16709172601157607
1949,-1.117323818919447
1950,-2.9796064585428077
1951,-0.014867941562175885
1952,-3794.3662452201656
1953,-0.3703290646472623
1954,-6328.444197693383
1955,-10451.843644845538
1956,112.9799949510036
1957,-11.891264667138099
1958,1.1073242896197923
1959,7.787930331706437
1960,163.0863197687142
1961,1597.624184754765
1962,852.4956076526875
1963,-0.09425099413388333
1964,-2.710179350679151
1965,3.9629445735965216
1966,-1.595519801480319
1967,-5.088985517533644
1968,1.9123640633825576
1969,-1.1913653856806854
1970,-4051.5337770775877
1971,-3.729588468398161
1972,8.731196728222637
1973,-1.9996864724796921
1974,-9.970184293219301
1975,-4119.3802016561895
1976,-13777.694157612537
1977,-12027.882070538648
1978,-2.7076422450534863
1979,-1.2857076050688236
1980,-0.5012893442209018
1981,-14500.541172171175
1982,-2.551740458689748
1983,-36022.66113072089
1984,1.8014393239168807
1985,1.7188422336073979
1986,-15.079100466293081
1987,-5.766709924086858
1988,-2.247079374343898
1989,-1.1417048203011264
1990,-1.3372908141480093
1991,2.55782387611966
1992,-0.48638328396139896
1993,-4.015833858543143
1994,-6204.560825039656
1995,-1.4456083643074835
1996,1.1485604074057185
1997,176.27706056902284
1998,-0.1922765689147851
1999,-0.09425099413388333
2000,-2.1388303598389884
2001,0.3434262051670821
2002,12.148744803826498
2003,-1.7788705887418632
2004,0.031533659541464636
2005,0.10876892597079636
2006,-1.1913653856806854
2007,2.098324589239273
2008,-6808.771826867016
2009,4.000536169332466
2010,-1.9011586610890439
2011,-37013.32006796543
2012,-0.11968266846003457
2013,-2.9326856853338694
2014,0.5819694495055164
2015,-126.75632136547586
2016,-334.6610130285219
2017,-0.5460795470848028
2018,-3249.710056958922
2019,-19447.781770970443
2020,-1.1257977140685314
2021,-14991.62457767104
2022,-10370.062271164914
2023,-29.908828443466646
2024,-0.12962929356866637
2025,-76.80447192354248
2026,1.3980118413607803
2027,1.2609423792852803
2028,1.6927384232812925
2029,-3.3603182524560906
2030,-1122.8622636079533
2031,-5.387648045225492
2032,-5584.379669362946
2033,-14555.1482152417
2034,-29256.27335188594
2035,-0.014867941562175885
2036,-10.687876908461503
2037,-284.63637504673335
2038,-0.5541466893740179
2039,-17.855859168678954
2040,0.7513360694383833
2041,-0.45449390193963846
2042,-1.1742129123354983
2043,-9.970184293219301
2044,0.5318757744458913
2045,1.420615949553702
2046,-556.4553241603329
2047,3.479286158994939
2048,-110.84550442217348
2049,774.8754919781509
2050,-2142.81988813576
2051,-5.088985517533644
2052,1.420615949553702
2053,-1.089989666831608
2054,-4051.5337770775877
2055,-3.3603182524560906
2056,-14437.802254188407
2057,-32.76730841564964
2058,-23814.510564401895
2059,-0.5016827428294267
2060,-1.9996864724796921
2061,1.2480821085186344
2062,-2.9478008633468487
2063,-77.80487136818354
2064,-5.088985517533644
2065,-10829.471237523721
2066,3.9629445735965216
2067,-6099.360664816636
2068,-0.3489126513082674
2069,-0.3703290646472623
2070,2.3431364769200123
2071,-5013.732129850364
2072,-10488.438737294358
2073,1.9594553561830328
2074,-2.581526378927326
2075,-0.2914398074701888
2076,197.32698324734176
2077,-0.911819252719383
2078,-0.7131705302552345
2079,-6.106490961921048
2080,3.9629445735965216
2081,-0.11968266846003457
2082,-0.0014962539995340637
2083,-1.1913653856806854
2084,-2.85372454071531
2085,0.3934788878072206
2086,-0.3489126513082674
2087,-1.911886040504264
2088,1.79987903496912
2089,-0.5012893442209018
2090,244.26167766979114
2091,-9141.119357643582
2092,2.2612299581444417
2093,-81.22872582921389
2094,-0.11968266846003457
2095,1.8014393239168807
2096,0.40136885827828855
2097,0.3434262051670821
2098,1.8014393239168807
2099,-1.679289106521044
2100,-7.177562675049621
2101,-0.3703290646472623
2102,-7369.121311825138
2103,-6043.988324564133
2104,-0.45449390193963846
2105,-4515.981806898788
2106,145.87498514120657
2107,-1.121033741434868
2108,-0.11968266846003457
2109,-0.6813026425510743
2110,-10856.618429216942
2111,-11514.066051042208
2112,-0.014867941562175885
2113,4.208702370712777
2114,-13566.446129521544
2115,-4.610538705374465
2116,-2.0626911948465936
2117,-1.795176598564911
2118,-2.582285069584149
2119,1.420615949553702
2120,-2.318103344821491
2121,0.3001719061368039
2122,-0.5666122615277568
2123,-1.2517230021905703
2124,-1.018918587656089
2125,-12379.849807911214
2126,-406.89547032267393
2127,-0.4265148611873636
2128,-10497.419666896749
2129,5.151017869829154
2130,-9.731647973210297
2131,-0.45449390193963846
2132,-21.144293820065588
2133,2.1479800378145795
2134,-11.29457589694204
2135,0.6216852276414822
2136,-10067.568718663772
2137,-13290.281358490645
2138,-0.14647076592580888
2139,-2.071280311903469
2140,-1.117323818919447
2141,-1.1299633076436826
2142,-16.485337205752593
2143,2.288207385930247
2144,-1.117323818919447
2145,2.098324589239273
2146,-1.111357241270648
2147,-6888.51657047995
2148,-4420.796488565458
2149,-1.117323818919447
2150,-760.1904342002325
2151,-9872.108494686483
2152,-3629.5794440713744
2153,-1.1299633076436826
2154,-31565.56397589896
2155,-0.014867941562175885
2156,1.6508246414795056
2157,-5.387648045225492
2158,-8630.716097388624
2159,-0.14647076592580888
2160,-7.273930432052825
2161,-0.08841051388725663
2162,0.9995919796854695
2163,44.00154461968597
2164,-1.4277416520569375
2165,-29.908828443466646
2166,1.3457948968558895
2167,-0.14647076592580888
2168,-17760.807040439082
2169,0.6397769633928408
2170,1.5638498832418797
2171,-7.177562675049621
2172,-4.065925506677089
2173,-0.2914398074701888
2174,-11762.075556632079
2175,-1.8231358952623138
2176,0.07331190096711979
2177,17.292277316608395
2178,-2.6643556675402458
2179,-1.6243195355949418
2180,-0.8005259808956207
2181,1.420615949553702
2182,-11550.83886789739
2183,-1.791100097896682
2184,-0.2914398074701888
2185,-5.417000592036408
2186,-1.5956700396824812
2187,-0.046127951682308335
2188,3741.525025271511
2189,-1891.3759653307688
2190,-9.731647973210297
2191,-3.3603182524560906
2192,-8844.573703759968
2193,-6.2206431363735195
2194,-2967.82455216828
2195,-91.44377274475175
2196,-2.1110342727807394
2197,0.9080634134596461
2198,1.420615949553702
2199,-1.5488185136372634
2200,-9.970184293219301
2201,-1590.0108798216427
2202,0.4754761042586425
2203,-8582.04414669202
2204,0.3434262051670821
2205,2.656813866684708
2206,0.9071781303527608
2207,1.0416774874903518
2208,2.323943226041721
2209,1.4463062213338107
2210,-0.08841051388725663
2211,-5.088985517533644
2212,-0.5541466893740179
2213,-8844.573703759968
2214,-23.214937021950384
2215,-0.5460795470848028
2216,3.9629445735965216
2217,2.9346497989120306
2218,-30.40638563751754
2219,-4515.981806898788
2220,-6.444194266072764
2221,21.469692465783076
2222,-35.56231627622096
2223,-0.4479075520584221
2224,1.6108786864254045
2225,1.1388690518945628
2226,-116.96496888917707
2227,-4562.199132011184
2228,-11.331910521485453
2229,-0.014867941562175885
2230,0.1377228276423125
2231,-2859.7068680126335
2232,1.4948718679773025
2233,-11831.34976228494
2234,0.24558782137945404
2235,-1.0177004098570308
2236,-26976.873139839518
2237,-6.088693537715611
2238,0.5819694495055164
2239,-0.12962929356866637
2240,2.505546544162389
2241,1.1336731549649999
2242,-473.4655148269534
2243,0.44855852125147566
2244,4.6186354014593896
2245,-0.5515990470617035
2246,-0.11968266846003457
2247,1022.7599087881713
2248,-4.015833858543143
2249,-9156.658129515865
2250,-2.6153795615620195
2251,1.6927384232812925
2252,-1.1278999299559438
2253,-7.740337235617199
2254,-8043.139716357003
2255,38.69586215291015
2256,-0.11968266846003457
2257,-17431.80278361816
2258,-0.014867941562175885
2259,-0.45449390193963846
2260,-0.4165111523925964
2261,0.44855852125147566
2262,-5266.011559622427
2263,-1.117323818919447
2264,-2.710179350679151
2265,1.083890560781367
2266,-2.6153795615620195
2267,2.245049175399427
2268,-2.6153795615620195
2269,0.48589825859496383
2270,1.420615949553702
2271,0.7063235091692418
2272,3.873931151650083
2273,0.5819694495055164
2274,-35842.56233324253
2275,2.098324589239273
2276,-17664.037136572915
2277,-1.911886040504264
2278,-8960.14023986324
2279,-2069.2789175333974
2280,1.9076176575662955
2281,-0.7131395762543308
2282,-3735.688429025349
2283,-16.485337205752593
2284,-0.16709172601157607
2285,602.6367367198947
2286,1.046053597850407
2287,1.0257733786476004
2288,-0.2914398074701888
2289,1.2298437253111778
2290,-1416.3829855210695
2291,1253.510708279906
2292,0.3099145085703753
2293,-0.48638328396139896
2294,-5.088985517533644
2295,-4844.156010110802
2296,2.098324589239273
2297,-1.9011586610890439
2298,0.5559347158702148
2299,-0.09425099413388333
2300,-2.9478008633468487
2301,-56.38822376491698
2302,-2.925405358634563
2303,-81.22872582921389
2304,-13450.905508908323
2305,-3.3603182524560906
2306,-3223.8288089952266
2307,-0.2914398074701888
2308,1.420615949553702
2309,1.8014393239168807
2310,19.11630575868593
2311,-3172.75996965517
2312,-7023.725930275048
2313,-1.117323818919447
2314,-4.015833858543143
2315,-25054.362331612465
2316,-0.11049673976179113
2317,-0.17247288533508207
2318,-4.610538705374465
2319,426.642210988345
2320,-5.088985517533644
2321,-0.2914398074701888
2322,-2.6153795615620195
2323,-2.664561269284077
2324,-1.9996864724796921
2325,-11.620356032890617
2326,2.3063669056537095
2327,-4550.081179344595
2328,-20.346836306812204
2329,-1.679289106521044
2330,-16.485337205752593
2331,-1.3372908141480093
2332,-0.5581967464415226
2333,1.0375548849057359
2334,-2208.695029034618
2335,-1.117323818919447
2336,2000.0276535061678
2337,-20474.427534614348
2338,1.0416774874903518
2339,-2.6153795615620195
2340,-5.964563535885075
2341,-30.26482552184203
2342,-3668.4491807804247
2343,-8635.486881935472
2344,0.695856073052603
2345,-0.9927054405107173
2346,-9557.700377875779
2347,0.44855852125147566
2348,-1.9996864724796921
2349,279.2771605868886
2350,-13.709504513605982
2351,-0.8917316004871405
2352,-10001.532536978228
2353,-0.9382086855989143
2354,-1554.71418455348
2355,-1.9239347813305527
2356,-1884.16579772046
2357,-32149.57618435111
2358,-9.74957013169609
2359,-8105.5150892642805
2360,0.44855852125147566
2361,1.420615949553702
2362,-3.827765472610742
2363,-17951.482957236487
2364,-0.16709172601157607
2365,0.9655143085211616
2366,-0.13389484344852765
2367,2.1479800378145795
2368,-11.29457589694204
2369,-4.015833858543143
2370,-2446.861660421093
2371,-2122.7246849664125
2372,-11705.523075780087
2373,2.2754699152937046
2374,1.083890560781367
2375,-8734.838203072748
2376,-1410.575813267779
2377,-2.217103809492666
2378,-1778.2724839327684
2379,-2.8543606703628885
2380,1.1388690518945628
2381,-1.4402907039587631
2382,-2834.8435466004566
2383,-0.3572480651148496
2384,0.45231211412232397
2385,-0.16709172601157607
2386,14.128234695155061
2387,-2.8543606703628885
2388,-1870.468814664103
2389,-2550.751013803789
2390,-6968.955999998104
2391,1.083890560781367
2392,0.08274902074917849
2393,-5.581293147960246
2394,-1105.1529073994527
2395,-9245.82382398429
2396,0.08274902074917849
2397,-0.151293502192024
2398,-0.7160213974139031
2399,0.38286734743217565
2400,-0.6813026425510743
2401,-21082.45287083112
2402,534.2695365972847
2403,-0.4265148611873636
2404,-0.2914398074701888
2405,2.1479800378145795
2406,8.065444187736835
2407,4.000536169332466
2408,-2.8819335361091545
2409,-6981.477233438239
2410,1.1073242896197923
2411,-4675.031751254518
2412,-4126.159714989523
2413,-0.3703290646472623
2414,0.5045090234016275
2415,-5791.888551657694
2416,-4180.323504948628
2417,-0.13389484344852765
2418,-1.9996864724796921
2419,-1.3372908141480093
2420,-3.3603182524560906
2421,0.9080634134596461
2422,-3.2726111719905795
2423,-0.5460795470848028
2424,-4753.014167160801
2425,2.7782343405840457
2426,1.1485604074057185
2427,1.4404611932078466
2428,-0.8751988011728172
2429,-0.5007706487440349
2430,-0.16711011974074094
2431,-12.251469499157137
2432,-9260.755826650968
2433,1.7081275936968112
2434,-1.5396589623359256
2435,-2883.573939789524
2436,-2.2466512213098326
2437,1.2808845192625684
2438,-671.9429142549108
2439,-0.4165111523925964
2440,-0.5840379535400078
2441,-2347.7706582079327
2442,-14333.697971426227
2443,-0.2914398074701888
2444,-1.4255034953690646
2445,0.6129291734085054
2446,-0.014867941562175885
2447,0.7442640542479307
2448,-1.121033741434868
2449,-1.9139773897504775
2450,50.65623336827869
2451,-6043.988324564133
2452,1.083890560781367
2453,3.0464405673979766
2454,-7.2523250274105715
2455,-9.731647973210297
2456,1.420615949553702
2457,0.40136885827828855
2458,-5.54016048419888
2459,8.731196728222637
2460,0.3434262051670821
2461,3.5019575069126065
2462,-4579.420134508055
2463,-2694.699409030053
2464,2.2168241139002474
2465,-1.0370656786897778
2466,-0.2914398074701888
2467,-13257.455819660896
2468,0.9080634134596461
2469,-1.801948464514481
2470,-758.6050148564508
2471,-1.4456083643074835
2472,-3809.1196046278988
2473,0.44855852125147566
2474,2.6919823956341387
2475,-0.48638328396139896
2476,-3.44219673797764
2477,-46.06335971259918
2478,-0.5012893442209018
2479,-14814.879423292303
2480,3.7746576378378487
2481,-14602.182222636859
2482,4.903399746666449
2483,4979.519659083751
2484,-3346.4763391042575
2485,2.1479800378145795
2486,-1.5521296174847514
2487,-0.45449390193963846
2488,-2.6153795615620195
2489,2.161168338536537
2490,0.44855852125147566
2491,-4.714817228987853
2492,-2.710179350679151
2493,-4279.323904724465
2494,-2.229101393629531
2495,-2541.870238679545
2496,-4.610538705374465
2497,-36022.66113072089
2498,-34880.14909104685
2499,0.6170813747723612
2500,-6292.713504072667
2501,4.208702370712777
2502,26.583511349121263
2503,-0.9764763858912232
2504,-14806.731013683864
2505,-13997.104129264739
2506,-0.16711011974074094
2507,0.22557747721205146
2508,-7227.863672441922
2509,-9049.789379474785
2510,1.8451083830435955
2511,-2578.5771643042604
2512,1.6508246414795056
2513,-6151.21262257765
2514,-5021.7246642365135
2515,-1828.3845000245633
2516,-0.2914398074701888
2517,1.46779347538227
2518,1.0375548849057359
2519,-3.6388380076031743
2520,-1.2969653388381233
2521,-3801.274616574788
2522,-0.16711011974074094
2523,-1.8660745048553984
2524,-1.3372908141480093
2525,0.48589825859496383
2526,44.95192057523081
2527,2.3431364769200123
2528,1.589644307290566
2529,591.4143328205807
2530,5.104145803241773
2531,2.245049175399427
2532,1.1073242896197923
2533,0.38286734743217565
2534,-5.852314374263058
2535,0.5819694495055164
2536,-4.015833858543143
2537,-1480.9395402343146
2538,1328.9964157485406
2539,1.420615949553702
2540,127.60098476187316
2541,-23230.822098947046
2542,-1483.1553480118498
2543,2.3431364769200123
2544,-16.485337205752593
2545,-12544.938049012855
2546,-3643.1231574525364
2547,-2.0945982445591538
2548,-0.3489126513082674
2549,-3928.498643461773
2550,-5022.876430530566
2551,2.656202022126105
2552,0.3434262051670821
2553,1.0416774874903518
2554,0.8422491066437404
2555,-0.6529942907531036
2556,-15012.805781683712
2557,-0.4265148611873636
2558,1.420615949553702
2559,-4857.108237280596
2560,-2.046658154379453
2561,-10518.873154743951
2562,-12827.213178178152
2563,0.5819694495055164
2564,-6567.705152297212
2565,-1.2517230021905703
2566,-13992.09672283852
2567,-2.595788070409042
2568,-9773.2999541154
2569,-81.22872582921389
2570,-2.371226462676497
2571,-5.088985517533644
2572,18.401343508835684
2573,-5.088985517533644
2574,-27.57164089466214
2575,-8131.5793794842475
2576,1.1073242896197923
2577,2.050862691934618
2578,-1031.3391791169165
2579,-17.855859168678954
2580,-0.4545868055001582
2581,0.11400263897499349
2582,-17878.02113684547
2583,-4.065925506677089
2584,-268.41314328111196
2585,-4932.966517880461
2586,2.3063669056537095
2587,0.0828715870520898
2588,-1041.0759791169166
2589,-9.731647973210297
2590,-5.088985517533644
2591,-0.9764763858912232
2592,-5.088985517533644
2593,-2.9478008633468487
2594,4.208702370712777
2595,-3666.2275630070512
2596,-4.876508714124103
2597,2.9008028645971984
2598,847.643570354587
2599,2.9180873863118997
2600,-10365.48557671192
2601,-1.3372908141480093
2602,-0.4265148611873636
2603,-11.331910521485453
2604,-2.318103344821491
2605,-2199.7549362946947
2606,-30.26482552184203
2607,0.6203804214324764
2608,-9979.827177276504
2609,1.2298437253111778
2610,-902.3515307169588
2611,-1.4277416520569375
2612,620.4115328205806
2613,-14770.872296740617
2614,-0.6813026425510743
2615,-11.29457589694204
2616,0.5819694495055164
2617,-15967.783613181446
2618,4.6186354014593896
2619,-18172.483887311348
2620,-0.2914398074701888
2621,-53.029993338012545
2622,-3358.065674140787
2623,-1.5396589623359256
2624,-5.387648045225492
2625,-0.5429196045830271
2626,-11415.279190328398
2627,-3.0486274294808973
2628,-28260.19045380381
2629,-0.14647076592580888
2630,-0.7439908547447862
2631,-5.059512834283902
2632,-11.620356032890617
2633,1.9438033298229633
2634,-2.6153795615620195
2635,1.6508246414795056
2636,-2.9478008633468487
2637,-154.77010718549212
2638,-3647.261120062164
2639,-19342.84953561424
2640,-430.58781499465744
2641,-7499.065068639644
2642,-1.6394117939621142
2643,-25968.922234177917
2644,-1.2183875122565444
2645,-9.55178686669754
2646,-6349.257832991161
2647,-1238.9553926905983
2648,-2.8865801564321485
2649,-11.29457589694204
2650,-2.710179350679151
2651,-2.6153795615620195
2652,1.0416774874903518
2653,-906.7500506785466
2654,-0.014867941562175885
2655,2.1479800378145795
2656,0.48589825859496383
2657,-0.3489126513082674
2658,-19371.851969614243
2659,-37013.32006796543
2660,-2.710179350679151
2661,-0.48638328396139896
2662,-0.6756076630366487
2663,3.9629445735965216
2664,3.536907674237413
2665,-10846.228728462487
2666,-2406.7307603836525
2667,-9.731647973210297
2668,-1.9721968709021287
2669,-0.07094526716563819
2670,-3587.5238572111357
2671,-4.015833858543143
2672,-8557.934347879966
2673,-0.3489126513082674
2674,-903.801280138029
2675,-5194.575603552898
2676,10.072425449250812
2677,0.44855852125147566
2678,-2394.505983804186
2679,-3774.9727592249656
2680,-20608.083343878814
2681,-1.4024816877047361
2682,0.48341508329089933
2683,1.0494107657022897
2684,0.3434262051670821
2685,-0.11968266846003457
2686,-1.9996864724796921
2687,-9.970184293219301
2688,0.9558494646733481
2689,-405.59899254796346
2690,-0.5012893442209018
2691,2.288207385930247
2692,1.9123640633825576
2693,3.9629445735965216
2694,-1156.771510404828
2695,152.88442487974967
2696,-1.9537460095023829
2697,1.152613865297655
2698,-4805.615793286551
2699,-14.876353014738422
2700,1.5277971411966655
2701,0.5819694495055164
2702,-983.9564057297006
2703,38.69586215291015
2704,1.9992537699149193
2705,-3.3603182524560906
2706,-0.16711011974074094
2707,-324.38422148441856
2708,1827.9982407799719
2709,-0.48638328396139896
2710,1.0449384570467506
2711,0.5819694495055164
2712,1.6508246414795056
2713,0.14267269497181398
2714,-5677.864007707689
2715,-3750.147415510511
2716,-7335.115901545802
2717,-2.8543606703628885
2718,-0.3512408517340156
2719,-4287.269659645127
2720,2.2896756774050946
2721,-101.09009179127682
2722,-0.3469002118538034
2723,-2.6153795615620195
2724,-0.22376912029428409
2725,-0.4165111523925964
2726,-12286.143410622935
2727,0.3578448486502439
2728,0.6693633857587499
2729,-0.45449390193963846
2730,-4805.152144223735
2731,-3.582765799397929
2732,-23067.932324020258
2733,1582.4382099889147
2734,-5360.536292708831
2735,-2.6153795615620195
2736,-0.3703290646472623
2737,-1.602906855169098
2738,-3.0335504885833173
2739,-0.16709172601157607
2740,-0.5460795470848028
2741,1.575351197660053
2742,-0.13389484344852765
2743,-8204.787944419864
2744,-0.5012893442209018
2745,-18.455828664870165
2746,-0.2914398074701888
2747,-1.8503831322128257
2748,-5.991967423372675
2749,-8184.433983989046
2750,0.44855852125147566
2751,0.9418589972356496
2752,-511.353703537658
2753,2.22998260242697
2754,-12488.500653405961
2755,0.3578448486502439
2756,-2769.3696355658185
2757,0.3578448486502439
2758,0.9984561260781288
2759,34.420579552611976
2760,-0.22945275179944633
2761,68.69289597939311
2762,-0.4265148611873636
2763,-7073.945057675497
2764,634.0417201894064
2765,-2.6153795615620195
2766,-7347.350927954178
2767,-8787.373638096504
2768,-1471.7103330865814
2769,0.5559347158702148
2770,-0.3703290646472623
2771,6.393319521323314
2772,12.183464922469705
2773,-23754.397934866734
2774,-9.731647973210297
2775,-18344.31295998268
2776,-8991.90542339986
2777,-2.371226462676497
2778,-2544.521153395734
2779,-0.26815585036935746
2780,-2.0480143295482267
2781,8.39130126635122
2782,-2.6153795615620195
2783,-0.3489126513082674
2784,-1.5521296174847514
2785,-1.602906855169098
2786,-23.045414511736716
2787,-6681.978423667569
2788,0.44855852125147566
2789,-23.045414511736716
2790,56.79166957276997
2791,-33866.67164356587
2792,-1.018918587656089
2793,-6393.406444270095
2794,4457.629979447631
2795,1.1073242896197923
2796,-0.4265148611873636
2797,0.33021979312929745
2798,-5.088985517533644
2799,-8943.98801533734
2800,-0.3896144348427905
2801,0.5299207881799514
2802,1.1292898953122794
2803,-3632.6888374106147
2804,-0.16711011974074094
2805,-8.760141633675998
2806,2.5560159026727534
2807,-8768.53540142224
2808,0.37575029638623486
2809,126.6717222532368
2810,-0.48638328396139896
2811,-17664.037136572915
2812,2445.6754394970417
2813,-2.895536363490505
2814,-0.2914398074701888
2815,-11.29457589694204
2816,-1283.0028465965463
2817,-18692.73439346554
2818,0.33021979312929745
2819,-11.29457589694204
2820,920.4054457315274
2821,-0.2914398074701888
2822,-7500.375460036638
2823,-31335.95564369623
2824,-114.68067143135166
2825,-16.485337205752593
2826,1.961003019679593
2827,-16.485337205752593
2828,-2581.2996342148544
2829,-11.620356032890617
2830,0.08274902074917849
2831,-0.2914398074701888
2832,0.44855852125147566
2833,-2578.1242942528766
2834,-1.4033257463215874
2835,-9003.665038279634
2836,1.1388690518945628
2837,32.27355175025576
2838,-3.3603182524560906
2839,0.38286734743217565
2840,-999.6719671058206
2841,-5939.965352593492
2842,4.000536169332466
2843,-4.015833858543143
2844,-2.9478008633468487
2845,-4.610538705374465
2846,-0.2914398074701888
2847,-1191.466084882122
2848,-1.5396589623359256
2849,2.1421184284748347
2850,1832.7610938217567
2851,-1.7788705887418632
2852,-1.5101545911548753
2853,-0.3703290646472623
2854,3.9629445735965216
2855,-1.795176598564911
2856,-11.620356032890617
2857,0.4041962964636429
2858,-162.13982003985055
2859,0.67107659500091
2860,-3066.697809026084
2861,5.151017869829154
2862,-2.9478008633468487
2863,1139.396417377886
2864,-11.29457589694204
2865,300.69450879731465
2866,1.1058860332712281
2867,-1.1417048203011264
2868,-0.48638328396139896
2869,-8.465710700607564
2870,-0.12962929356866637
2871,-6784.918793768554
2872,-0.5012893442209018
2873,-18039.388436676163
2874,-29019.756446242118
2875,-15729.881996097824
2876,-22709.23426710825
2877,-9.731647973210297
2878,0.7442640542479307
2879,-368.2008646680113
2880,4.208702370712777
2881,-0.45449390193963846
2882,-81.22872582921389
2883,-4.610538705374465
2884,-11655.726920478592
2885,-1.7949346549301124
2886,2.098324589239273
2887,-9698.7239857539
2888,0.506303084214938
2889,45.46850542277147
2890,-3524.535070626726
2891,4501.928326114293
2892,-1.6394117939621142
2893,3.234430730416715
2894,-0.3874580925091156
2895,-0.5429196045830271
2896,-11523.116259325117
2897,-0.6648681756018444
2898,-35980.67646886416
2899,311.07289461241686
2900,2.3431364769200123
2901,-2.9134370743386233
2902,-1.6432284126006647
2903,1.083890560781367
2904,-2.6153795615620195
2905,-20344.3830830904
2906,-2.3876961253703013
2907,-1.7788705887418632
2908,-16858.899764324666
2909,9.79949240418144
2910,-8027.422882026883
2911,-1.2993053427845822
2912,0.5819694495055164
2913,2.3431364769200123
2914,-5190.834390262255
2915,-4.015833858543143
2916,1.326751975361558
2917,0.5045090234016275
2918,426.1212024587262
2919,-23661.341006473634
2920,-10419.133494232028
2921,-2.6153795615620195
2922,-5.212458179444199
2923,1.1547764766780513
2924,-2.8819335361091545
2925,-1.9996864724796921
2926,-0.16709172601157607
2927,-14513.27612930724
2928,-20342.792383090455
2929,-5.816347621658154
2930,-5277.021567835091
2931,-4.610538705374465
2932,-1.1130338647163849
2933,-212.17003810383287
2934,0.38286734743217565
2935,-4040.5725210097867
2936,-3002.3179766575126
2937,5.466097082957438
2938,-0.17896445674084072
2939,-584.31111403256
2940,-0.5429196045830271
2941,2.656202022126105
2942,-4167.034063430217
2943,-3.3207373332345402
2944,-2133.0631292741086
2945,-361.1340546377079
2946,-1522.8244350776768
2947,-0.5012893442209018
2948,-9.970184293219301
2949,1.3361800785375015
2950,-1.1742129123354983
2951,1.575351197660053
2952,-2761.1250192861417
2953,1.083890560781367
2954,-0.6813026425510743
2955,-20210.75473965028
2956,-0.16709172601157607
2957,-2.371226462676497
2958,-6.444194266072764
2959,-1945.143688715383
2960,-8696.21204219684
2961,-650.2045187080249
2962,1.0375548849057359
2963,1.589644307290566
2964,-4.363448651475903
2965,2.461895781189136
2966,0.5559347158702148
2967,-0.3358048279110126
2968,8.433222310396241
2969,0.09426129049079776
2970,4176.607165252161
2971,-14.02806770330506
2972,-1.4033257463215874
2973,-4400.4334515236
2974,292.7206463945919
2975,-8105.05345946835
2976,-1.9943730593126867
2977,-1.5396589623359256
2978,0.9418589972356496
2979,-0.7160213974139031
2980,-1.2688150459351437
2981,1.6508246414795056
2982,0.5255598996806173
2983,-2.9478008633468487
2984,0.9418589972356496
2985,8.065444187736835
2986,-1.9996864724796921
2987,1.0416774874903518
2988,-2.6153795615620195
2989,1.0416774874903518
2990,-6510.967109120615
2991,-2.6153795615620195
2992,-4.679450555926871
2993,-11221.035031836791
2994,-1.791100097896682
2995,0.827353039286327
2996,1.0416774874903518
2997,2503.1440153417498
2998,-8301.019850490191
2999,0.841306322658867
3000,-5.088985517533644
3001,-0.2914398074701888
3002,-1.117323818919447
3003,4.208702370712777
3004,-0.3358048279110126
3005,-1.1913653856806854
3006,17.50114912842891
3007,-5.91127765389352
3008,2.1479800378145795
3009,2.288207385930247
3010,0.09755963923110719
3011,4.000536169332466
3012,2.3431364769200123
3013,1.1073242896197923
3014,-2.793136104588832
3015,2.684932313709525
3016,-2802.0862671998348
3017,-9.731647973210297
3018,0.9030918249048326
3019,1.420615949553702
3020,-0.5012893442209018
3021,-1.121033741434868
3022,32.55078737126627
3023,-6.258242787007136
3024,-4.714817228987853
3025,-4.030029376384189
3026,-0.4479075520584221
3027,-3293.1683926305204
3028,-16.485337205752593
3029,0.9916256076731002
3030,-1.9996864724796921
3031,0.40136885827828855
3032,-3.375063618198609
3033,-81.22872582921389
3034,-2746.50498012529
3035,-7861.143192379083
3036,5.151017869829154
3037,-14391.78455058892
3038,-0.5012893442209018
3039,-5.226863585739077
3040,-19399.339838648746
3041,0.48589825859496383
3042,1.4541480158550244
3043,-4265.160757866233
3044,0.025496720402759368
3045,0.5559347158702148
3046,-7633.352371580863
3047,-787.6493139698403
3048,-0.3358048279110126
3049,-1.931458899636939
3050,4.920181303035906
3051,-7065.692381391933
3052,-1.801948464514481
3053,-5.088985517533644
3054,-1.4779610432110306
3055,-6853.149649947936
3056,-6821.6042604809745
3057,-4.065925506677089
3058,-0.12392643888926169
3059,-26890.64363461755
3060,-7946.898266173493
3061,-985.4348084870791
3062,0.5559347158702148
3063,-5116.981649941789
3064,203.92659624014465
3065,-0.6798274189480764
3066,-29.094498730147976
3067,0.33021979312929745
3068,-2833.5304819507305
3069,-4.015833858543143
3070,0.22328274064951414
3071,-3.9147275006120625
3072,-1.0431202506975947
3073,-8554.52250098928
3074,-29.908828443466646
3075,-2.9478008633468487
3076,-0.3703290646472623
3077,1.6508246414795056
3078,-19239.01152102147
3079,-3.2926679948510347
3080,0.5819694495055164
3081,-0.5429196045830271
3082,-10425.342320583895
3083,8.731196728222637
3084,588.1768929582136
3085,0.6170570183373898
3086,-5.088985517533644
3087,-0.014867941562175885
3088,-1.7788705887418632
3089,-9256.691404429137
3090,-3.1823111268182696
3091,0.5819694495055164
3092,0.3434262051670821
3093,0.5819694495055164
3094,-8201.388546271297
3095,-6.258242787007136
3096,-5141.193867628061
3097,1.2609423792852803
3098,-666.5903155505771
3099,333.8121500850773
3100,-2.9478008633468487
3101,-9655.550390612587
3102,-11421.634692669053
3103,0.6203804214324764
3104,-0.5012893442209018
3105,-0.014867941562175885
3106,-10598.546343541366
3107,-0.5012893442209018
3108,-0.5460795470848028
3109,-2987.8240274491254
3110,-1.3317611794049997
3111,-10569.648162032325
3112,-2.8543606703628885
3113,-0.5012893442209018
3114,1.0416774874903518
3115,0.3434262051670821
3116,0.3434262051670821
3117,1.420615949553702
3118,1246.3679047267813
3119,-1.4402907039587631
3120,-2.662377883805295
3121,-1.7788705887418632
3122,-0.13389484344852765
3123,-6735.607349103826
3124,-0.014867941562175885
3125,-17438.16008861816
3126,-1.1913653856806854
3127,-4185.624049889511
3128,-14007.192870210327
3129,-35450.27338590102
3130,-1403.6511716338434
3131,-3.1823111268182696
3132,0.3434262051670821
3133,-4426.501130496195
3134,-7.177562675049621
3135,-0.26909603566353985
3136,-0.5541466893740179
3137,-5679.364112428789
3138,3.9629445735965216
3139,0.5193574243961017
3140,-7.177562675049621
3141,-0.2914398074701888
3142,-9261.160446650967
3143,0.3102857667574445
3144,-0.49530054156618586
3145,-0.11968266846003457
3146,-81.22872582921389
3147,0.22328274064951414
3148,-0.3572480651148496
3149,-11859.431273401824
3150,-16208.631216275824
3151,-2.8849274467323207
3152,-8.440078209593288
3153,-263.36914215559335
3154,-0.16711011974074094
3155,-1.7788705887418632
3156,-2145.9257281357595
3157,-13705.87563377258
3158,-1.117323818919447
3159,-1.0976084442068217
3160,-1897.9592510925727
3161,-1.8583239679751733
3162,-1.4812523819303753
3163,201.77883447672522
3164,-4.610538705374465
3165,-2.6153795615620195
3166,-1.4277416520569375
3167,-1105.9779684450893
3168,-1.4812523819303753
3169,0.5036484211137818
3170,-5.088985517533644
3171,1.152613865297655
3172,-30553.572327296883
3173,-3300.7219990998865
3174,-4926.148514413413
3175,-4.610538705374465
3176,-20210.75473965028
3177,0.44855852125147566
3178,0.44855852125147566
3179,-4.015833858543143
3180,0.24558782137945404
3181,-3232.707671451954
3182,3.9629445735965216
3183,-774.049085565799
3184,-1.7788705887418632
3185,1.1073242896197923
3186,-4586.332918886233
3187,-3.9147275006120625
3188,0.3434262051670821
3189,1.371708099902342
3190,0.6156919914607188
3191,-4148.927109079038
3192,-2166.8368709040997
3193,-1313.804221013311
3194,0.3434262051670821
3195,1.1292898953122794
3196,2.1222158567150284
3197,-1.3573986616626224
3198,-0.5463553865391225
3199,-0.2914398074701888
3200,-2.8543606703628885
3201,-1.4812523819303753
3202,2.0803861416323346
3203,-5670.533961830079
3204,-15729.881996097824
3205,-6969.343729949827
3206,-1.121033741434868
3207,-8105.5150892642805
3208,-18709.203023056863
3209,-19151.44744207537
3210,-2.9877854755875233
3211,-0.17896445674084072
3212,2.3431364769200123
3213,0.07331190096711979
3214,-17254.029406743364
3215,-23557.54052990472
3216,-17980.23728126417
3217,-13709.306424982771
3218,-9351.95639720947
3219,-12153.920034212768
3220,-29111.407017104128
3221,-12561.079691189865
3222,-22212.784183229345
3223,-17192.232300642456
3224,-7228.321619153556
3225,-27075.58769361033
3226,-6546.365246326436
3227,-1536.553399291608
3228,-11472.647662424488
3229,-9086.527183866567
3230,-10624.51494928915
3231,-11706.874932562481
3232,-10098.151896207348
3233,-23674.86517248654
3234,-2550.0630286494156
3235,-2480.012078041804
3236,-3684.9197140213523
3237,-6180.811719774847
3238,2362.825842359909
3239,-2162.1152208094363
3240,-7472.512346577247
3241,-13492.171160343494
3242,-26675.227243197936
3243,-6461.530516605451
3244,-17948.257876034473
3245,-337.40482245121603
3246,-6119.49463357569
3247,-8680.55620389714
3248,-7359.677534780066
3249,-18528.66198725889
3250,507.5368011454647
3251,-8806.100069694787
3252,2303.5886686097992
3253,-8374.923742489955
3254,-1732.6860085728183
3255,-6151.596484749966
3256,-2347.51641174731
3257,-17477.18363366279
3258,-4167.119725976659
3259,-21085.639103462297
3260,-12593.587257247784
3261,-7746.030938784254
3262,-20980.995532877398
3263,-15511.405695594496
3264,-5175.371547534677
3265,-6415.12864529956
3266,-22182.795076622504
3267,-7767.860127451361
3268,-13213.605413878095
3269,-20691.228221825935
3270,-13657.192454907903
3271,-9119.999710783097
3272,-120.12794784677583
3273,-1963.9572919305026
3274,-991.3907710268397
3275,-17374.53091803487
3276,-3945.266013763091
3277,-7940.59987834716
3278,-19365.1779738839
3279,-1011.9056580332087
3280,-4164.344842488239
3281,-9973.325390159274
3282,-21042.099258244467
3283,-4415.589115624062
3284,-7291.931297021003
3285,1950.140574229961
3286,-3404.493563513188
3287,-882.0815919612023
3288,-9599.480432865064
3289,-6287.146915133988
3290,-29893.603655416435
3291,-981.44277455020665
3292,-3021.827984447216
3293,-12745.71228724357
3294,-25989.718517893947
3295,-4812.236081647116
3296,-6187.001657526096
3297,-16547.283111869772
3298,-13951.869861075122
3299,1889.096743734544
3300,-767.5984583854131
3301,-18040.48096041101
3302,-1428.1432347107523
3303,-9658.470287479833
3304,-6962.008152005627
3305,-9867.319426681925
3306,-4207.805108069824
3307,-3862.9754207707056
3308,-28920.463931199414
3309,-14504.814521750608
3310,-1769.6741269993574
3311,-5856.114170595611
3312,-9199.08448018677
3313,-14995.560230813535
3314,-7139.002094019208
3315,-4265.160757866233
3316,72.32351111964829
3317,-6919.182607632456
3318,-10372.412661164914
3319,-5582.767542862794
3320,-4805.615793286551
3321,-5019.638828884947
3322,-2391.3086564757714
3323,-13427.379825970253
3324,-10644.609210970531
3325,-9984.780167684947
3326,-5983.16957133562
3327,-17385.75858795764
3328,1798.4647025999461
3329,-4113.76687604549
3330,-29411.679817514585
3331,-28435.272526644894
3332,-17358.77332567093
3333,-7599.673659204892
3334,-8251.312925330036
3335,-2845.5919803551
3336,-8345.641661923686
3337,-6623.255129478424
3338,-12962.568455784567
3339,-27261.840742708806
3340,-27291.0769035058
3341,-13428.04700211707
3342,-8003.981231301701
3343,-114.02694152788695
3344,-4911.497293650724
3345,-530.6721815730813
3346,-21175.628829085188
3347,-13731.44179467959
3348,-7139.762813523403
3349,-22492.97699080423
3350,-3904.4019082335017
3351,-10448.226685643596
3352,-5267.284868630875
3353,-8045.61576718515
3354,-33772.27236433887
3355,-2021.1852033424896
3356,-2702.1063365674213
3357,-1617.2755904486767
3358,-9493.556316129872
3359,-29637.56042353769
3360,-1632.6244949002523
3361,-28863.732458170867
3362,-10143.81532658076
3363,-2845.454808362626
3364,-14484.381083145756
3365,-7339.112110815427
3366,-9198.121246853434
3367,-18057.419417078585
3368,-5182.983805133701
3369,-856.9641446832092
3370,-1450.9750219384994
3371,-3429.6199404633
3372,-16412.615066791266
3373,-1547.3813865481566
3374,-13302.891444575005
3375,-2392.18148477269
3376,-8535.629212334796
3377,-20047.333336831194
3378,-11180.207132974754
3379,-21732.20510565647
3380,-5037.451546225418
3381,-1155.5068309960338
3382,-3479.6250765082364
3383,3842.5180769963263
3384,-20445.777779646516
3385,-21429.667140694037
3386,-10487.403946439219
3387,-7968.922720636502
3388,-21462.43920183714
3389,-19336.098671730488
3390,-6214.707368951057
3391,-33814.40245250555
3392,-11187.880107419965
3393,-3993.310964734467
3394,-1798.4648156553112
3395,-6922.397159297684
3396,-12865.898013833208
3397,-7131.965069907774
3398,-1618.8421548663562
3399,-27450.523124916508
3400,-20888.942691193515
3401,-18881.557258432233
3402,-8964.28403396789
3403,-17329.26914463125
3404,-2116.83143224419
3405,1538.673920103476
3406,-14747.190346923282
3407,1340.4810044780527
3408,3589.1482511395416
3409,-6278.006151151075
3410,-12317.139500224122
3411,-6537.802213146079
3412,-12408.250838766497
3413,-3421.210159784441
3414,-14781.530968302979
3415,432.0193588858235
3416,-4851.24088919011
3417,-13020.264400167984
3418,-23542.03683675902
3419,-8648.582587319444
3420,-6253.95892688606
3421,-9257.548008011267
3422,-18870.318266172173
3423,-19934.74059551788
3424,-12722.70344601444
3425,-6210.8009106135505
3426,-20337.58624418093
3427,686.750558667893
3428,-2546.9260793137237
3429,-1877.7471277440577
3430,-13531.994576979121
3431,-7316.327183439663
3432,-18241.75487180593
3433,-24414.698387898785
3434,-837.7826858602266
3435,-11587.816332093327
3436,205.7130739932411
3437,-8706.33611565278
3438,-24273.755324999947
3439,-5324.626747634565
3440,-24858.791209647905
3441,-3028.96710145492
3442,-8673.82805318934
3443,-1637.4246252102164
3444,-15328.389980445862
3445,-8907.514624184701
3446,-4303.59530229449
3447,-6084.588097993421
3448,-5640.9688384210385
3449,-4308.1194722276005
3450,-22172.924250662858
3451,-22272.830499601034
3452,-10215.567042537845
3453,-8020.631637278213
3454,-1289.1085861739512
3455,-1638.9062138760792
3456,-27872.75083432254
3457,-10991.981236968884
3458,-5017.70359598931
3459,-20978.12064293435
3460,-2721.9119498074506
3461,-20919.580340309516
3462,-12215.990782717043
3463,-22499.568555428083
3464,56.26409709160688
3465,-11669.752440504159
3466,-7958.765589397124
3467,-5648.875401542958
3468,-3171.9232099985575
3469,-11669.752440504159
3470,-7938.902265303164
3471,-1225.4080770206672
3472,-6005.149976063572
3473,-1120.0282469090178
3474,-30130.96090377582
3475,-3191.0371839306213
3476,-7265.142239007078
3477,209.90736536541704
3478,-2984.1826803092094
3479,-8271.97787423772
3480,1215.4950336212266
3481,-14999.377974714014
3482,-7012.091868141889
3483,-16908.96063470455
3484,-8971.132497134557
3485,-5073.1373505277015
3486,-5790.588195640394
3487,-4338.425519368141
3488,-37352.005409916914
3489,-1740.8573319950156
3490,-7725.062696819651
3491,-13741.289238719202
3492,-16580.86283517678
3493,-12476.560192460613
3494,-18135.58207606751
3495,-16351.554122147862
3496,-6952.143442012828
3497,-7187.982688103357
3498,-10349.02431884741
3499,-6595.228932568679
3500,-3814.151496699824
3501,-16985.22957001275
3502,-3164.146806639907
3503,-946.7427946550025
3504,-136.8950236766153
3505,-6086.572509267467
3506,-15073.322450596683
3507,-6826.406380275456
3508,-9645.684028168524
3509,-6067.8479671704135
3510,-8592.835016896071
3511,-9146.654429209386
3512,-6563.752227879515
3513,-6084.588097993421
3514,-9693.028543342049
3515,-2307.5653037808934
3516,-4686.80831627211
3517,-13480.970236320434
3518,-9016.954704247473
3519,-28907.33960197205
3520,-6308.748677669443
3521,-3409.871110179855
3522,-10858.624017742692
3523,-15787.857338915637
3524,-6540.464904483414
3525,-11323.966310998423
3526,-20430.76076906145
3527,-30314.733060409617
3528,-10098.151896207348
3529,-22097.838731092113
3530,-13592.323437040724
3531,-14465.697363209245
3532,-25177.94039782229
3533,-3535.001092321471
3534,-13766.25282345496
3535,-4365.252189065447
3536,-5533.743728075957
3537,-28495.54667953372
3538,-4603.602938388317
3539,-23991.307815964516
3540,-4943.628730249485
3541,-8187.277481468319
3542,-21241.114259860795
3543,-9720.265465778686
3544,-5410.925424909318
3545,-7998.4189022049295
3546,-9018.70623516452
3547,-9850.425751184288
3548,-11323.859662828188
3549,-777.2391834327544
3550,332.52346220068154
3551,-6121.398579611271
3552,-472.1021630015565
3553,-6324.953467008297
3554,-1889.6356415038222
3555,-5582.298091822434
3556,-4452.07810366138
3557,-7238.56121435369
3558,-4791.958788097339
3559,-6825.490261059588
3560,-29310.470869401743
3561,-13573.714358910469
3562,-30841.811795771056
3563,-19017.58359466931
3564,-27759.439595084514
3565,-5589.352830028803
3566,-3625.6312001248702
3567,-6727.6052557745315
3568,-27261.840742708806
3569,-4548.511185380443
3570,-20888.942691193515
3571,7020.20004688037
3572,-11911.971307128248
3573,-17644.480510405174
3574,-6371.46904901174
3575,-13601.0594798959
3576,-11694.287430501876
3577,-6741.469190166735
3578,-7690.924629009627
3579,-11593.600875084305
3580,-3149.6032012066853
3581,-8943.00059200401
3582,99.76539090743641
3583,-8749.159706463803
3584,-23910.673041297847
3585,-12848.707823555082
3586,-24841.568885844186
3587,-17820.210180640373
3588,-28538.347714644042
3589,-9303.594676255765
3590,-12366.124623368867
3591,-5367.107312689825
3592,-5591.398912359063
3593,-1253.170389012442
3594,-11905.330271613895
3595,2849.469237597932
3596,-7058.748824965638
3597,427.9268654965475
3598,-4719.888972445948
3599,-13817.465501288872
3600,-20650.76607654009
3601,-9183.699402216129
3602,-23775.849734646934
3603,-3512.7224128386697
3604,-17689.97210955828
3605,-11855.487012610798
3606,-8981.71523830781
3607,-3046.9727265563715
3608,-134.19035436474095
3609,-13593.446997224415
3610,-14288.631948964621
3611,-6192.554154007803
3612,-4731.889980109749
3613,-15725.167202653955
3614,-3641.1390512856224
3615,-810.012276233094
3616,-33144.78475569814
3617,2013.0006963328324
3618,391.66564488053297
3619,-5769.502095191033
3620,-22342.96324449123
3621,-6236.867562613288
3622,-9779.562447265555
3623,-2941.333986511671
3624,-19684.23589230666
3625,-1022.3108290921958
3626,-8978.426218678906
3627,-7933.145210428207
3628,-3332.736173622865
3629,-23724.939396943984
3630,-5384.388138080299
3631,-7771.486926657624
3632,-2382.3774236795466
3633,-16695.602024706473
3634,-13385.701874224573
3635,-13821.227638681832
3636,-6818.665312425876
3637,-18591.787302961868
3638,-13657.640117707755
3639,-29266.082698068403
3640,-793.0039573017176
3641,-5759.108109182044
3642,-8650.435875220976
3643,-9226.109128922435
3644,-4277.181661562912
3645,-12027.582925679506
3646,-2976.113092975877
3647,-2528.8897243137235
3648,-10369.284176652181
3649,-15716.830775276061
3650,-3893.7995287079452
3651,-10167.119492107906
3652,-15328.389980445862
3653,-4080.3997440701273
3654,-6018.002861495715
3655,-21286.649163948507
3656,-13422.952916842063
3657,-501.37385679421914
3658,-21588.970061807366
3659,-19987.845617194114
3660,-8467.137348596067
3661,-2488.7752405655783
3662,-17946.944221275582
3663,1487.8636102167052
3664,-12867.892410935267
3665,-14045.262893525747
3666,-5171.24594720654
3667,3206.7215833247665
3668,-19077.236936828507
3669,-1757.2413963735526
3670,-2678.9110823627116
3671,-2277.6016512781716
3672,-9275.96926953381
3673,-7121.821515656432
3674,-16222.801441659001
3675,-13423.809006017198
3676,-497.40040651711035
3677,-13162.060587511518
3678,-3650.419441521681
3679,-11881.042854484693
3680,-18989.281632741724
3681,-19159.588520746573
3682,-19696.92862665704
3683,-26105.388824219765
3684,-7956.148055303161
3685,-1644.3656938656961
3686,-11045.622738643955
3687,-9830.180070015258
3688,-11041.292048826806
3689,-11922.639358901819
3690,-13165.112913925703
3691,-17160.14381579329
3692,-23557.57414571777
3693,-6661.192187319474
3694,-13328.77238376549
3695,-37395.04505446683
3696,-27453.32051691652
3697,-8091.642047383968
3698,-2066.6043362852374
3699,-2011.2902505546983
3700,-14344.780342252623
3701,-6537.88929430263
3702,-6904.247160866132
3703,-17368.756658465143
3704,-5880.117895907686
3705,-12217.627968968256
3706,-13357.768513594236
3707,2732.9095640132855
3708,-4912.393668757689
3709,-13297.819199024128
3710,2112.521595533461
3711,-22332.32362923984
3712,-7507.782211680318
3713,-18063.743337316602
3714,-21851.07676292313
3715,-19439.776619422097
3716,-3478.9768693864517
3717,-15298.024898378477
3718,-7545.066823356187
3719,-13881.39754745105
3720,-5685.891335538229
3721,-8027.4384946350365
3722,-9317.7971781152
3723,-7045.1941588667905
3724,-6113.7625577869685
3725,-9652.249135666654
3726,573.4014486351665
3727,-13208.834848192095
3728,-23541.94330869456
3729,-9954.166906496823
3730,-3222.5048835622306
3731,-6397.5405420501875
3732,-30730.854045031156
3733,-5281.5464114675315
3734,-30334.469521273622
3735,-21322.675630170455
3736,-11991.496838422705
3737,-4134.309703591157
3738,-14390.841850620876
3739,-2239.4978129955116
3740,2939.9137697459123
3741,-10166.34516424563
3742,-16060.848540753654
3743,-30364.244516365743
3744,-9570.714746086562
3745,234.30267079229637
3746,-30314.733060409617
3747,-6747.733808043173
3748,-3745.51537028075
3749,-6730.533649692597
3750,-12262.681550504492
3751,-14340.343042656603
3752,-4552.762613035185
3753,-10426.381395671766
3754,-6689.111823115554
3755,-22913.664548605797
3756,-26994.92480724958
3757,-4564.488640839725
3758,-10827.878334210183
3759,-6090.166670383379
3760,-13978.265288846516
3761,-13568.07239988199
3762,-10250.826800090703
3763,-13041.875432699613
3764,-3902.127547216446
3765,-2927.88320630921
3766,-299.86387741197996
3767,-8743.377900723524
3768,-5504.31735421381
3769,-21306.932167852327
3770,-6270.383451342599
3771,-5648.399581440863
3772,-6823.272790845075
3773,-13455.2566821763
3774,-4402.48504390012
3775,-5171.24594720654
3776,-17284.06802187799
3777,-5114.05875856392
3778,-6962.1228078334
3779,-6730.373132643647
3780,-16116.528799198784
3781,-4846.416109205541
3782,-4704.617828649409
3783,-7794.805186092814
3784,-1938.1935403589507
3785,1485.0061413380452
3786,-10564.067849415684
3787,-11568.657806519444
3788,-3784.267384831548
3789,-9529.025820154116
3790,-10500.36557497285
3791,-36009.661720720884
3792,-5087.700304628099
3793,-15437.966580613154
3794,-1502.7438983645925
3795,-2437.38629088639
3796,-4353.274892398781
3797,-18532.960320384045
3798,-4287.909778826358
3799,-19572.12711324253
3800,-14487.065820594917
3801,-3379.724545556941
3802,-14924.38685853443
3803,-12241.257990693455
3804,-16286.255566562657
3805,-29729.08892335848
3806,-4336.65841876106
3807,-1298.3074572384226
3808,-10424.171773614617
3809,-1381.6069770039464
3810,-30913.87297077106
3811,-5890.3448946194285
3812,-3951.276140359674
3813,-14436.918482552199
3814,-34107.48713733317
3815,54.46515146187263
3816,-8631.033080958607
3817,-3861.459163249646
3818,-7154.071805659022
